filename, directory, cluster
12440188_1.txt, HSSFEventFactory, 1
68613461_1.txt, HSSFEventFactory, 1
15642598_1.txt, HSSFEventFactory, 1
12440192_1.txt, HSSFEventFactory, 1
92669291_1.txt, HSSFEventFactory, 1
12440044_1.txt, HSSFEventFactory, 1
111785559_1.txt, HSSFEventFactory, 2
12440188_1.txt, HSSFPatriarch, 10
68613461_1.txt, HSSFPatriarch, 1
15642598_1.txt, HSSFPatriarch, 2
12440192_1.txt, HSSFPatriarch, 9
92669291_1.txt, HSSFPatriarch, 7
12440044_1.txt, HSSFPatriarch, 8
111785559_1.txt, HSSFPatriarch, 3
112311786_1.txt, HSSFPatriarch, 7
73315299_2.txt, HSSFPatriarch, 5
73315299_1.txt, HSSFPatriarch, 7
94171992_1.txt, HSSFPatriarch, 6
61719045_1.txt, HSSFPatriarch, 4
12440188_1.txt, ValueRecordsAggregate, 1
68613461_1.txt, ValueRecordsAggregate, 1
15642598_1.txt, ValueRecordsAggregate, 2
12440192_1.txt, ValueRecordsAggregate, 1
12440188_1.txt, BlankRecord, 1
68613461_1.txt, BlankRecord, 1
15642598_1.txt, BlankRecord, 2
12440192_1.txt, BlankRecord, 1
92669291_1.txt, BlankRecord, 1
12440044_1.txt, BlankRecord, 1
12440188_1.txt, XWPFRun, 3
68613461_1.txt, XWPFRun, 3
15642598_1.txt, XWPFRun, 3
12440192_1.txt, XWPFRun, 3
92669291_1.txt, XWPFRun, 3
12440044_1.txt, XWPFRun, 3
111785559_1.txt, XWPFRun, 6
112311786_1.txt, XWPFRun, 3
73315299_2.txt, XWPFRun, 3
73315299_1.txt, XWPFRun, 1
94171992_1.txt, XWPFRun, 4
61719045_1.txt, XWPFRun, 2
15642330_1.txt, XWPFRun, 5
558689_1.txt, XWPFRun, 7
12440188_1.txt, HSSFPalette, 1
68613461_1.txt, HSSFPalette, 2
15642598_1.txt, HSSFPalette, 3
12440192_1.txt, HSSFPalette, 2
92669291_1.txt, HSSFPalette, 2
12440044_1.txt, HSSFPalette, 1
111785559_1.txt, HSSFPalette, 2
112311786_1.txt, HSSFPalette, 2
73315299_2.txt, HSSFPalette, 2
73315299_1.txt, HSSFPalette, 2
94171992_1.txt, HSSFPalette, 2
61719045_1.txt, HSSFPalette, 2
15642330_1.txt, HSSFPalette, 2
558689_1.txt, HSSFPalette, 2
133035254_1.txt, HSSFPalette, 2
15642409_2.txt, HSSFPalette, 1
66638946_1.txt, HSSFPalette, 2
15642409_1.txt, HSSFPalette, 2
3760572_1.txt, HSSFPalette, 2
15642594_1.txt, HSSFPalette, 2
12440188_1.txt, BoolErrRecord, 1
68613461_1.txt, BoolErrRecord, 2
15642598_1.txt, BoolErrRecord, 1
12440192_1.txt, BoolErrRecord, 1
92669291_1.txt, BoolErrRecord, 1
12440188_1.txt, CharacterRun, 1
68613461_1.txt, CharacterRun, 1
15642598_1.txt, CharacterRun, 1
12440192_1.txt, CharacterRun, 1
92669291_1.txt, CharacterRun, 1
12440044_1.txt, CharacterRun, 1
111785559_1.txt, CharacterRun, 1
112311786_1.txt, CharacterRun, 1
73315299_2.txt, CharacterRun, 1
73315299_1.txt, CharacterRun, 1
94171992_1.txt, CharacterRun, 1
61719045_1.txt, CharacterRun, 1
15642330_1.txt, CharacterRun, 1
558689_1.txt, CharacterRun, 2
133035254_1.txt, CharacterRun, 1
15642409_2.txt, CharacterRun, 1
66638946_1.txt, CharacterRun, 1
15642409_1.txt, CharacterRun, 1
12440188_1.txt, XSLFShape, 4
68613461_1.txt, XSLFShape, 3
15642598_1.txt, XSLFShape, 1
12440192_1.txt, XSLFShape, 2
92669291_1.txt, XSLFShape, 1
12440044_1.txt, XSLFShape, 2
111785559_1.txt, XSLFShape, 3
112311786_1.txt, XSLFShape, 3
12440188_1.txt, RecordInputStream, 1
68613461_1.txt, RecordInputStream, 1
15642598_1.txt, RecordInputStream, 1
12440192_1.txt, RecordInputStream, 1
92669291_1.txt, RecordInputStream, 2
12440044_1.txt, RecordInputStream, 1
111785559_1.txt, RecordInputStream, 1
112311786_1.txt, RecordInputStream, 1
73315299_2.txt, RecordInputStream, 1
73315299_1.txt, RecordInputStream, 1
94171992_1.txt, RecordInputStream, 1
12440188_1.txt, HSSFSheet, 2
68613461_1.txt, HSSFSheet, 2
15642598_1.txt, HSSFSheet, 2
12440192_1.txt, HSSFSheet, 2
92669291_1.txt, HSSFSheet, 2
12440044_1.txt, HSSFSheet, 2
111785559_1.txt, HSSFSheet, 3
112311786_1.txt, HSSFSheet, 2
73315299_2.txt, HSSFSheet, 2
73315299_1.txt, HSSFSheet, 2
94171992_1.txt, HSSFSheet, 2
61719045_1.txt, HSSFSheet, 2
15642330_1.txt, HSSFSheet, 2
558689_1.txt, HSSFSheet, 2
133035254_1.txt, HSSFSheet, 2
15642409_2.txt, HSSFSheet, 2
66638946_1.txt, HSSFSheet, 2
15642409_1.txt, HSSFSheet, 1
3760572_1.txt, HSSFSheet, 2
15642594_1.txt, HSSFSheet, 2
15642593_1.txt, HSSFSheet, 1
15642365_1.txt, HSSFSheet, 1
15642365_2.txt, HSSFSheet, 2
68613461_1.txt, HSSFSheet, 2
15642481_1.txt, HSSFSheet, 2
15642441_1.txt, HSSFSheet, 2
15642303_1.txt, HSSFSheet, 4
15642365_1.txt, HSSFSheet, 2
15642343_1.txt, HSSFSheet, 2
12208676_1.txt, HSSFSheet, 2
96672931_1.txt, HSSFSheet, 2
96672931_2.txt, HSSFSheet, 2
12440188_1.txt, HSSFClientAnchor, 1
68613461_1.txt, HSSFClientAnchor, 1
15642598_1.txt, HSSFClientAnchor, 1
12440192_1.txt, HSSFClientAnchor, 1
92669291_1.txt, HSSFClientAnchor, 1
12440044_1.txt, HSSFClientAnchor, 1
111785559_1.txt, HSSFClientAnchor, 1
112311786_1.txt, HSSFClientAnchor, 2
73315299_2.txt, HSSFClientAnchor, 1
73315299_1.txt, HSSFClientAnchor, 1
12440188_1.txt, EntryNode, 1
68613461_1.txt, EntryNode, 1
15642598_1.txt, EntryNode, 2
12440192_1.txt, EntryNode, 1
12440188_1.txt, PPDrawing, 1
68613461_1.txt, PPDrawing, 3
15642598_1.txt, PPDrawing, 3
12440192_1.txt, PPDrawing, 3
92669291_1.txt, PPDrawing, 4
12440044_1.txt, PPDrawing, 2
12440188_1.txt, HSSFFooter, 1
68613461_1.txt, HSSFFooter, 1
15642598_1.txt, HSSFFooter, 1
12440192_1.txt, HSSFFooter, 1
92669291_1.txt, HSSFFooter, 1
12440044_1.txt, HSSFFooter, 1
111785559_1.txt, HSSFFooter, 1
112311786_1.txt, HSSFFooter, 1
73315299_2.txt, HSSFFooter, 1
73315299_1.txt, HSSFFooter, 1
94171992_1.txt, HSSFFooter, 2
61719045_1.txt, HSSFFooter, 1
15642330_1.txt, HSSFFooter, 1
558689_1.txt, HSSFFooter, 1
133035254_1.txt, HSSFFooter, 1
15642409_2.txt, HSSFFooter, 1
66638946_1.txt, HSSFFooter, 3
15642409_1.txt, HSSFFooter, 1
3760572_1.txt, HSSFFooter, 1
15642594_1.txt, HSSFFooter, 1
12440188_1.txt, AreaReference, 3
68613461_1.txt, AreaReference, 3
15642598_1.txt, AreaReference, 3
12440192_1.txt, AreaReference, 3
92669291_1.txt, AreaReference, 3
12440044_1.txt, AreaReference, 1
111785559_1.txt, AreaReference, 3
112311786_1.txt, AreaReference, 4
73315299_2.txt, AreaReference, 3
73315299_1.txt, AreaReference, 2
94171992_1.txt, AreaReference, 3
61719045_1.txt, AreaReference, 3
15642330_1.txt, AreaReference, 3
558689_1.txt, AreaReference, 3
133035254_1.txt, AreaReference, 3
15642409_2.txt, AreaReference, 1
66638946_1.txt, AreaReference, 3
15642409_1.txt, AreaReference, 3
3760572_1.txt, AreaReference, 3
15642594_1.txt, AreaReference, 3
15642593_1.txt, AreaReference, 3
15642365_1.txt, AreaReference, 5
15642365_2.txt, AreaReference, 1
68613461_1.txt, AreaReference, 3
15642481_1.txt, AreaReference, 3
15642441_1.txt, AreaReference, 3
15642303_1.txt, AreaReference, 3
15642365_1.txt, AreaReference, 3
15642343_1.txt, AreaReference, 3
12208676_1.txt, AreaReference, 3
12440188_1.txt, EscherDgRecord, 2
68613461_1.txt, EscherDgRecord, 1
15642598_1.txt, EscherDgRecord, 3
12440192_1.txt, EscherDgRecord, 3
92669291_1.txt, EscherDgRecord, 6
12440044_1.txt, EscherDgRecord, 1
111785559_1.txt, EscherDgRecord, 5
112311786_1.txt, EscherDgRecord, 4
12440188_1.txt, ObjRecord, 1
68613461_1.txt, ObjRecord, 3
15642598_1.txt, ObjRecord, 3
12440192_1.txt, ObjRecord, 3
92669291_1.txt, ObjRecord, 6
12440044_1.txt, ObjRecord, 3
111785559_1.txt, ObjRecord, 5
112311786_1.txt, ObjRecord, 4
73315299_2.txt, ObjRecord, 3
73315299_1.txt, ObjRecord, 2
12440188_1.txt, XWPFTableRow, 2
68613461_1.txt, XWPFTableRow, 2
15642598_1.txt, XWPFTableRow, 1
12440192_1.txt, XWPFTableRow, 2
92669291_1.txt, XWPFTableRow, 2
12440044_1.txt, XWPFTableRow, 2
111785559_1.txt, XWPFTableRow, 2
112311786_1.txt, XWPFTableRow, 2
73315299_2.txt, XWPFTableRow, 2
73315299_1.txt, XWPFTableRow, 1
94171992_1.txt, XWPFTableRow, 2
61719045_1.txt, XWPFTableRow, 2
15642330_1.txt, XWPFTableRow, 2
558689_1.txt, XWPFTableRow, 2
133035254_1.txt, XWPFTableRow, 2
15642409_2.txt, XWPFTableRow, 2
66638946_1.txt, XWPFTableRow, 2
15642409_1.txt, XWPFTableRow, 1
3760572_1.txt, XWPFTableRow, 2
15642594_1.txt, XWPFTableRow, 2
15642593_1.txt, XWPFTableRow, 2
15642365_1.txt, XWPFTableRow, 2
15642365_2.txt, XWPFTableRow, 2
68613461_1.txt, XWPFTableRow, 2
12440188_1.txt, FormulaRecord, 3
68613461_1.txt, FormulaRecord, 1
15642598_1.txt, FormulaRecord, 2
12440192_1.txt, FormulaRecord, 1
92669291_1.txt, FormulaRecord, 1
12440044_1.txt, FormulaRecord, 1
111785559_1.txt, FormulaRecord, 1
112311786_1.txt, FormulaRecord, 1
73315299_2.txt, FormulaRecord, 1
73315299_1.txt, FormulaRecord, 1
94171992_1.txt, FormulaRecord, 1
61719045_1.txt, FormulaRecord, 1
15642330_1.txt, FormulaRecord, 1
12440188_1.txt, HSSFTextbox, 1
68613461_1.txt, HSSFTextbox, 1
15642598_1.txt, HSSFTextbox, 1
12440192_1.txt, HSSFTextbox, 2
92669291_1.txt, HSSFTextbox, 1
12440188_1.txt, WordExtractor, 1
68613461_1.txt, WordExtractor, 1
15642598_1.txt, WordExtractor, 1
12440192_1.txt, WordExtractor, 1
92669291_1.txt, WordExtractor, 1
12440044_1.txt, WordExtractor, 1
111785559_1.txt, WordExtractor, 3
112311786_1.txt, WordExtractor, 1
73315299_2.txt, WordExtractor, 1
73315299_1.txt, WordExtractor, 1
94171992_1.txt, WordExtractor, 1
61719045_1.txt, WordExtractor, 1
15642330_1.txt, WordExtractor, 1
558689_1.txt, WordExtractor, 1
133035254_1.txt, WordExtractor, 1
15642409_2.txt, WordExtractor, 1
66638946_1.txt, WordExtractor, 1
15642409_1.txt, WordExtractor, 2
3760572_1.txt, WordExtractor, 1
15642594_1.txt, WordExtractor, 1
15642593_1.txt, WordExtractor, 1
15642365_1.txt, WordExtractor, 1
12440188_1.txt, PageBreakRecord, 1
68613461_1.txt, PageBreakRecord, 2
15642598_1.txt, PageBreakRecord, 1
12440192_1.txt, PageBreakRecord, 1
12440188_1.txt, DirectoryNode, 3
68613461_1.txt, DirectoryNode, 1
15642598_1.txt, DirectoryNode, 4
12440192_1.txt, DirectoryNode, 9
92669291_1.txt, DirectoryNode, 6
12440044_1.txt, DirectoryNode, 2
111785559_1.txt, DirectoryNode, 7
112311786_1.txt, DirectoryNode, 1
73315299_2.txt, DirectoryNode, 8
73315299_1.txt, DirectoryNode, 3
94171992_1.txt, DirectoryNode, 5
12440188_1.txt, EscherOptRecord, 1
68613461_1.txt, EscherOptRecord, 1
15642598_1.txt, EscherOptRecord, 1
12440192_1.txt, EscherOptRecord, 1
92669291_1.txt, EscherOptRecord, 2
12440044_1.txt, EscherOptRecord, 1
111785559_1.txt, EscherOptRecord, 1
112311786_1.txt, EscherOptRecord, 1
73315299_2.txt, EscherOptRecord, 1
73315299_1.txt, EscherOptRecord, 1
94171992_1.txt, EscherOptRecord, 1
61719045_1.txt, EscherOptRecord, 1
15642330_1.txt, EscherOptRecord, 1
12440188_1.txt, DimensionsRecord, 2
68613461_1.txt, DimensionsRecord, 1
15642598_1.txt, DimensionsRecord, 1
12440192_1.txt, DimensionsRecord, 1
92669291_1.txt, DimensionsRecord, 1
12440188_1.txt, POIFSFileSystem, 1
68613461_1.txt, POIFSFileSystem, 1
15642598_1.txt, POIFSFileSystem, 1
12440192_1.txt, POIFSFileSystem, 2
92669291_1.txt, POIFSFileSystem, 1
12440044_1.txt, POIFSFileSystem, 1
111785559_1.txt, POIFSFileSystem, 1
112311786_1.txt, POIFSFileSystem, 1
73315299_2.txt, POIFSFileSystem, 1
73315299_1.txt, POIFSFileSystem, 1
94171992_1.txt, POIFSFileSystem, 1
61719045_1.txt, POIFSFileSystem, 1
15642330_1.txt, POIFSFileSystem, 1
558689_1.txt, POIFSFileSystem, 1
133035254_1.txt, POIFSFileSystem, 1
15642409_2.txt, POIFSFileSystem, 1
66638946_1.txt, POIFSFileSystem, 1
15642409_1.txt, POIFSFileSystem, 1
3760572_1.txt, POIFSFileSystem, 1
12440188_1.txt, Record, 1
68613461_1.txt, Record, 1
15642598_1.txt, Record, 2
12440192_1.txt, Record, 2
92669291_1.txt, Record, 2
12440044_1.txt, Record, 2
12440188_1.txt, FileInformationBlock, 1
68613461_1.txt, FileInformationBlock, 2
15642598_1.txt, FileInformationBlock, 1
12440192_1.txt, FileInformationBlock, 1
12440188_1.txt, HSSFFormulaEvaluator, 1
68613461_1.txt, HSSFFormulaEvaluator, 2
15642598_1.txt, HSSFFormulaEvaluator, 4
12440192_1.txt, HSSFFormulaEvaluator, 2
92669291_1.txt, HSSFFormulaEvaluator, 1
12440044_1.txt, HSSFFormulaEvaluator, 3
12440188_1.txt, XSSFCellStyle, 1
68613461_1.txt, XSSFCellStyle, 1
15642598_1.txt, XSSFCellStyle, 1
12440192_1.txt, XSSFCellStyle, 1
92669291_1.txt, XSSFCellStyle, 1
12440044_1.txt, XSSFCellStyle, 1
111785559_1.txt, XSSFCellStyle, 1
112311786_1.txt, XSSFCellStyle, 1
73315299_2.txt, XSSFCellStyle, 1
73315299_1.txt, XSSFCellStyle, 1
94171992_1.txt, XSSFCellStyle, 1
61719045_1.txt, XSSFCellStyle, 1
15642330_1.txt, XSSFCellStyle, 2
558689_1.txt, XSSFCellStyle, 1
133035254_1.txt, XSSFCellStyle, 1
15642409_2.txt, XSSFCellStyle, 1
66638946_1.txt, XSSFCellStyle, 1
15642409_1.txt, XSSFCellStyle, 1
3760572_1.txt, XSSFCellStyle, 1
15642594_1.txt, XSSFCellStyle, 1
15642593_1.txt, XSSFCellStyle, 1
15642365_1.txt, XSSFCellStyle, 1
15642365_2.txt, XSSFCellStyle, 1
68613461_1.txt, XSSFCellStyle, 1
15642481_1.txt, XSSFCellStyle, 1
15642441_1.txt, XSSFCellStyle, 1
15642303_1.txt, XSSFCellStyle, 1
15642365_1.txt, XSSFCellStyle, 1
15642343_1.txt, XSSFCellStyle, 1
12208676_1.txt, XSSFCellStyle, 1
96672931_1.txt, XSSFCellStyle, 1
96672931_2.txt, XSSFCellStyle, 1
96672931_3.txt, XSSFCellStyle, 1
96673744_1.txt, XSSFCellStyle, 1
96672565_1.txt, XSSFCellStyle, 1
76071738_1.txt, XSSFCellStyle, 1
96673303_1.txt, XSSFCellStyle, 1
12208683_1.txt, XSSFCellStyle, 1
12208722_1.txt, XSSFCellStyle, 1
134954814_2.txt, XSSFCellStyle, 1
12208685_1.txt, XSSFCellStyle, 1
12208720_1.txt, XSSFCellStyle, 1
134954814_1.txt, XSSFCellStyle, 1
12440188_1.txt, POIFSDocumentPath, 1
68613461_1.txt, POIFSDocumentPath, 1
15642598_1.txt, POIFSDocumentPath, 1
12440192_1.txt, POIFSDocumentPath, 2
92669291_1.txt, POIFSDocumentPath, 1
12440188_1.txt, HSSFDataFormat, 2
68613461_1.txt, HSSFDataFormat, 2
15642598_1.txt, HSSFDataFormat, 1
12440192_1.txt, HSSFDataFormat, 2
92669291_1.txt, HSSFDataFormat, 2
12440044_1.txt, HSSFDataFormat, 1
111785559_1.txt, HSSFDataFormat, 2
112311786_1.txt, HSSFDataFormat, 2
73315299_2.txt, HSSFDataFormat, 2
73315299_1.txt, HSSFDataFormat, 1
94171992_1.txt, HSSFDataFormat, 1
61719045_1.txt, HSSFDataFormat, 1
15642330_1.txt, HSSFDataFormat, 1
558689_1.txt, HSSFDataFormat, 1
133035254_1.txt, HSSFDataFormat, 1
15642409_2.txt, HSSFDataFormat, 2
66638946_1.txt, HSSFDataFormat, 2
15642409_1.txt, HSSFDataFormat, 1
3760572_1.txt, HSSFDataFormat, 1
12440188_1.txt, HSSFWorkbook, 1
68613461_1.txt, HSSFWorkbook, 1
15642598_1.txt, HSSFWorkbook, 1
12440192_1.txt, HSSFWorkbook, 1
92669291_1.txt, HSSFWorkbook, 1
12440044_1.txt, HSSFWorkbook, 1
111785559_1.txt, HSSFWorkbook, 1
112311786_1.txt, HSSFWorkbook, 1
73315299_2.txt, HSSFWorkbook, 1
73315299_1.txt, HSSFWorkbook, 3
94171992_1.txt, HSSFWorkbook, 1
61719045_1.txt, HSSFWorkbook, 2
15642330_1.txt, HSSFWorkbook, 1
558689_1.txt, HSSFWorkbook, 1
133035254_1.txt, HSSFWorkbook, 1
15642409_2.txt, HSSFWorkbook, 1
66638946_1.txt, HSSFWorkbook, 1
15642409_1.txt, HSSFWorkbook, 1
3760572_1.txt, HSSFWorkbook, 1
15642594_1.txt, HSSFWorkbook, 1
15642593_1.txt, HSSFWorkbook, 1
15642365_1.txt, HSSFWorkbook, 1
15642365_2.txt, HSSFWorkbook, 1
68613461_1.txt, HSSFWorkbook, 1
15642481_1.txt, HSSFWorkbook, 1
15642441_1.txt, HSSFWorkbook, 1
15642303_1.txt, HSSFWorkbook, 1
15642365_1.txt, HSSFWorkbook, 1
15642343_1.txt, HSSFWorkbook, 1
12208676_1.txt, HSSFWorkbook, 1
96672931_1.txt, HSSFWorkbook, 1
96672931_2.txt, HSSFWorkbook, 1
12440188_1.txt, BorderCode, 1
68613461_1.txt, BorderCode, 1
15642598_1.txt, BorderCode, 1
12440192_1.txt, BorderCode, 1
92669291_1.txt, BorderCode, 1
12440044_1.txt, BorderCode, 2
111785559_1.txt, BorderCode, 1
112311786_1.txt, BorderCode, 1
12440188_1.txt, EscherDggRecord, 1
68613461_1.txt, EscherDggRecord, 2
15642598_1.txt, EscherDggRecord, 2
12440192_1.txt, EscherDggRecord, 2
92669291_1.txt, EscherDggRecord, 1
12440188_1.txt, TableRecord, 2
68613461_1.txt, TableRecord, 1
15642598_1.txt, TableRecord, 2
12440192_1.txt, TableRecord, 1
12440188_1.txt, TableCell, 1
68613461_1.txt, TableCell, 1
15642598_1.txt, TableCell, 1
12440192_1.txt, TableCell, 1
92669291_1.txt, TableCell, 3
12440044_1.txt, TableCell, 1
111785559_1.txt, TableCell, 2
12440188_1.txt, TableRow, 2
68613461_1.txt, TableRow, 1
15642598_1.txt, TableRow, 1
12440192_1.txt, TableRow, 1
12440188_1.txt, NumberRecord, 9
68613461_1.txt, NumberRecord, 6
15642598_1.txt, NumberRecord, 1
12440192_1.txt, NumberRecord, 4
92669291_1.txt, NumberRecord, 7
12440044_1.txt, NumberRecord, 5
111785559_1.txt, NumberRecord, 8
112311786_1.txt, NumberRecord, 5
73315299_2.txt, NumberRecord, 2
73315299_1.txt, NumberRecord, 1
94171992_1.txt, NumberRecord, 3
61719045_1.txt, NumberRecord, 4
12440188_1.txt, WindowTwoRecord, 1
68613461_1.txt, WindowTwoRecord, 1
15642598_1.txt, WindowTwoRecord, 1
12440192_1.txt, WindowTwoRecord, 1
92669291_1.txt, WindowTwoRecord, 3
12440044_1.txt, WindowTwoRecord, 2
111785559_1.txt, WindowTwoRecord, 1
12440188_1.txt, Paragraph, 1
68613461_1.txt, Paragraph, 1
15642598_1.txt, Paragraph, 1
12440192_1.txt, Paragraph, 1
92669291_1.txt, Paragraph, 1
12440044_1.txt, Paragraph, 1
111785559_1.txt, Paragraph, 2
112311786_1.txt, Paragraph, 1
73315299_2.txt, Paragraph, 1
73315299_1.txt, Paragraph, 1
94171992_1.txt, Paragraph, 1
61719045_1.txt, Paragraph, 1
15642330_1.txt, Paragraph, 1
558689_1.txt, Paragraph, 1
12440188_1.txt, XSLFSlide, 7
68613461_1.txt, XSLFSlide, 5
15642598_1.txt, XSLFSlide, 3
12440192_1.txt, XSLFSlide, 4
92669291_1.txt, XSLFSlide, 7
12440044_1.txt, XSLFSlide, 1
111785559_1.txt, XSLFSlide, 2
112311786_1.txt, XSLFSlide, 7
73315299_2.txt, XSLFSlide, 6
73315299_1.txt, XSLFSlide, 8
94171992_1.txt, XSLFSlide, 9
12440188_1.txt, XSLFTextParagraph, 1
68613461_1.txt, XSLFTextParagraph, 1
15642598_1.txt, XSLFTextParagraph, 3
12440192_1.txt, XSLFTextParagraph, 1
92669291_1.txt, XSLFTextParagraph, 1
12440044_1.txt, XSLFTextParagraph, 1
111785559_1.txt, XSLFTextParagraph, 1
112311786_1.txt, XSLFTextParagraph, 2
73315299_2.txt, XSLFTextParagraph, 1
73315299_1.txt, XSLFTextParagraph, 1
94171992_1.txt, XSLFTextParagraph, 1
61719045_1.txt, XSLFTextParagraph, 1
15642330_1.txt, XSLFTextParagraph, 1
558689_1.txt, XSLFTextParagraph, 1
133035254_1.txt, XSLFTextParagraph, 1
15642409_2.txt, XSLFTextParagraph, 1
66638946_1.txt, XSLFTextParagraph, 1
15642409_1.txt, XSLFTextParagraph, 1
3760572_1.txt, XSLFTextParagraph, 1
12440188_1.txt, FormatRecord, 1
68613461_1.txt, FormatRecord, 2
15642598_1.txt, FormatRecord, 1
12440192_1.txt, FormatRecord, 1
12440188_1.txt, Property, 1
68613461_1.txt, Property, 1
15642598_1.txt, Property, 2
12440192_1.txt, Property, 1
92669291_1.txt, Property, 3
12440188_1.txt, HSSFRequest, 1
68613461_1.txt, HSSFRequest, 1
15642598_1.txt, HSSFRequest, 1
12440192_1.txt, HSSFRequest, 1
92669291_1.txt, HSSFRequest, 1
12440044_1.txt, HSSFRequest, 1
111785559_1.txt, HSSFRequest, 1
112311786_1.txt, HSSFRequest, 2
12440188_1.txt, EscherSimpleProperty, 2
68613461_1.txt, EscherSimpleProperty, 2
15642598_1.txt, EscherSimpleProperty, 1
12440192_1.txt, EscherSimpleProperty, 2
92669291_1.txt, EscherSimpleProperty, 2
12440044_1.txt, EscherSimpleProperty, 2
111785559_1.txt, EscherSimpleProperty, 2
112311786_1.txt, EscherSimpleProperty, 2
73315299_2.txt, EscherSimpleProperty, 2
73315299_1.txt, EscherSimpleProperty, 2
94171992_1.txt, EscherSimpleProperty, 2
61719045_1.txt, EscherSimpleProperty, 2
15642330_1.txt, EscherSimpleProperty, 1
558689_1.txt, EscherSimpleProperty, 2
133035254_1.txt, EscherSimpleProperty, 2
15642409_2.txt, EscherSimpleProperty, 2
66638946_1.txt, EscherSimpleProperty, 2
15642409_1.txt, EscherSimpleProperty, 2
12440188_1.txt, XSLFTextRun, 1
68613461_1.txt, XSLFTextRun, 1
15642598_1.txt, XSLFTextRun, 1
12440192_1.txt, XSLFTextRun, 1
92669291_1.txt, XSLFTextRun, 1
12440044_1.txt, XSLFTextRun, 1
111785559_1.txt, XSLFTextRun, 2
112311786_1.txt, XSLFTextRun, 1
73315299_2.txt, XSLFTextRun, 1
73315299_1.txt, XSLFTextRun, 1
94171992_1.txt, XSLFTextRun, 1
61719045_1.txt, XSLFTextRun, 1
15642330_1.txt, XSLFTextRun, 1
558689_1.txt, XSLFTextRun, 1
133035254_1.txt, XSLFTextRun, 1
15642409_2.txt, XSLFTextRun, 1
66638946_1.txt, XSLFTextRun, 1
15642409_1.txt, XSLFTextRun, 1
3760572_1.txt, XSLFTextRun, 1
15642594_1.txt, XSLFTextRun, 1
12440188_1.txt, StyleSheet, 1
68613461_1.txt, StyleSheet, 1
15642598_1.txt, StyleSheet, 1
12440192_1.txt, StyleSheet, 1
92669291_1.txt, StyleSheet, 2
12440044_1.txt, StyleSheet, 1
12440188_1.txt, WSBoolRecord, 1
68613461_1.txt, WSBoolRecord, 3
15642598_1.txt, WSBoolRecord, 1
12440192_1.txt, WSBoolRecord, 1
92669291_1.txt, WSBoolRecord, 1
12440044_1.txt, WSBoolRecord, 1
111785559_1.txt, WSBoolRecord, 2
112311786_1.txt, WSBoolRecord, 1
73315299_2.txt, WSBoolRecord, 1
73315299_1.txt, WSBoolRecord, 1
12440188_1.txt, HSSFRow, 1
68613461_1.txt, HSSFRow, 1
15642598_1.txt, HSSFRow, 1
12440192_1.txt, HSSFRow, 1
92669291_1.txt, HSSFRow, 1
12440044_1.txt, HSSFRow, 1
111785559_1.txt, HSSFRow, 1
112311786_1.txt, HSSFRow, 1
73315299_2.txt, HSSFRow, 1
73315299_1.txt, HSSFRow, 1
94171992_1.txt, HSSFRow, 1
61719045_1.txt, HSSFRow, 1
15642330_1.txt, HSSFRow, 1
558689_1.txt, HSSFRow, 1
133035254_1.txt, HSSFRow, 1
15642409_2.txt, HSSFRow, 1
66638946_1.txt, HSSFRow, 2
15642409_1.txt, HSSFRow, 1
3760572_1.txt, HSSFRow, 1
15642594_1.txt, HSSFRow, 1
15642593_1.txt, HSSFRow, 1
15642365_1.txt, HSSFRow, 1
15642365_2.txt, HSSFRow, 1
68613461_1.txt, HSSFRow, 1
15642481_1.txt, HSSFRow, 1
15642441_1.txt, HSSFRow, 1
15642303_1.txt, HSSFRow, 1
15642365_1.txt, HSSFRow, 1
15642343_1.txt, HSSFRow, 1
12208676_1.txt, HSSFRow, 1
96672931_1.txt, HSSFRow, 1
96672931_2.txt, HSSFRow, 1
96672931_3.txt, HSSFRow, 1
96673744_1.txt, HSSFRow, 1
96672565_1.txt, HSSFRow, 1
76071738_1.txt, HSSFRow, 1
96673303_1.txt, HSSFRow, 1
12208683_1.txt, HSSFRow, 1
12208722_1.txt, HSSFRow, 1
134954814_2.txt, HSSFRow, 1
12208685_1.txt, HSSFRow, 1
12208720_1.txt, HSSFRow, 1
134954814_1.txt, HSSFRow, 1
64530867_1.txt, HSSFRow, 1
72854667_1.txt, HSSFRow, 1
70648747_1.txt, HSSFRow, 1
64530867_2.txt, HSSFRow, 1
72854667_2.txt, HSSFRow, 1
126772704_1.txt, HSSFRow, 1
121321564_1.txt, HSSFRow, 1
12440188_1.txt, ClassID, 1
68613461_1.txt, ClassID, 1
15642598_1.txt, ClassID, 1
12440192_1.txt, ClassID, 1
92669291_1.txt, ClassID, 2
12440188_1.txt, RKRecord, 1
68613461_1.txt, RKRecord, 1
15642598_1.txt, RKRecord, 1
12440192_1.txt, RKRecord, 2
92669291_1.txt, RKRecord, 1
12440188_1.txt, EscherSpRecord, 2
68613461_1.txt, EscherSpRecord, 2
15642598_1.txt, EscherSpRecord, 2
12440192_1.txt, EscherSpRecord, 2
92669291_1.txt, EscherSpRecord, 2
12440044_1.txt, EscherSpRecord, 2
111785559_1.txt, EscherSpRecord, 2
112311786_1.txt, EscherSpRecord, 2
73315299_2.txt, EscherSpRecord, 1
73315299_1.txt, EscherSpRecord, 2
94171992_1.txt, EscherSpRecord, 1
61719045_1.txt, EscherSpRecord, 1
15642330_1.txt, EscherSpRecord, 1
558689_1.txt, EscherSpRecord, 2
133035254_1.txt, EscherSpRecord, 2
15642409_2.txt, EscherSpRecord, 2
66638946_1.txt, EscherSpRecord, 2
15642409_1.txt, EscherSpRecord, 2
3760572_1.txt, EscherSpRecord, 1
15642594_1.txt, EscherSpRecord, 1
12440188_1.txt, DateAndTime, 1
68613461_1.txt, DateAndTime, 1
15642598_1.txt, DateAndTime, 2
12440192_1.txt, DateAndTime, 1
92669291_1.txt, DateAndTime, 1
12440188_1.txt, LabelRecord, 1
68613461_1.txt, LabelRecord, 1
15642598_1.txt, LabelRecord, 2
12440192_1.txt, LabelRecord, 1
12440188_1.txt, EscherContainerRecord, 14
68613461_1.txt, EscherContainerRecord, 9
15642598_1.txt, EscherContainerRecord, 15
12440192_1.txt, EscherContainerRecord, 25
92669291_1.txt, EscherContainerRecord, 16
12440044_1.txt, EscherContainerRecord, 20
111785559_1.txt, EscherContainerRecord, 17
112311786_1.txt, EscherContainerRecord, 4
73315299_2.txt, EscherContainerRecord, 2
73315299_1.txt, EscherContainerRecord, 1
94171992_1.txt, EscherContainerRecord, 1
61719045_1.txt, EscherContainerRecord, 2
15642330_1.txt, EscherContainerRecord, 8
558689_1.txt, EscherContainerRecord, 1
133035254_1.txt, EscherContainerRecord, 11
15642409_2.txt, EscherContainerRecord, 22
66638946_1.txt, EscherContainerRecord, 2
15642409_1.txt, EscherContainerRecord, 8
3760572_1.txt, EscherContainerRecord, 12
15642594_1.txt, EscherContainerRecord, 13
15642593_1.txt, EscherContainerRecord, 8
15642365_1.txt, EscherContainerRecord, 23
15642365_2.txt, EscherContainerRecord, 18
68613461_1.txt, EscherContainerRecord, 19
15642481_1.txt, EscherContainerRecord, 2
15642441_1.txt, EscherContainerRecord, 6
15642303_1.txt, EscherContainerRecord, 28
15642365_1.txt, EscherContainerRecord, 1
15642343_1.txt, EscherContainerRecord, 3
12208676_1.txt, EscherContainerRecord, 29
96672931_1.txt, EscherContainerRecord, 27
96672931_2.txt, EscherContainerRecord, 5
96672931_3.txt, EscherContainerRecord, 10
96673744_1.txt, EscherContainerRecord, 7
96672565_1.txt, EscherContainerRecord, 21
76071738_1.txt, EscherContainerRecord, 26
96673303_1.txt, EscherContainerRecord, 24
12440188_1.txt, XWPFPictureData, 2
68613461_1.txt, XWPFPictureData, 3
15642598_1.txt, XWPFPictureData, 1
12440192_1.txt, XWPFPictureData, 2
92669291_1.txt, XWPFPictureData, 1
12440044_1.txt, XWPFPictureData, 2
111785559_1.txt, XWPFPictureData, 1
12440188_1.txt, NPOIFSFileSystem, 1
68613461_1.txt, NPOIFSFileSystem, 2
15642598_1.txt, NPOIFSFileSystem, 3
12440192_1.txt, NPOIFSFileSystem, 1
92669291_1.txt, NPOIFSFileSystem, 2
12440188_1.txt, MergeCellsRecord, 3
68613461_1.txt, MergeCellsRecord, 1
15642598_1.txt, MergeCellsRecord, 2
12440192_1.txt, MergeCellsRecord, 4
92669291_1.txt, MergeCellsRecord, 1
12440044_1.txt, MergeCellsRecord, 1
12440188_1.txt, Date, 1
68613461_1.txt, Date, 1
15642598_1.txt, Date, 1
12440192_1.txt, Date, 1
92669291_1.txt, Date, 1
12440044_1.txt, Date, 3
111785559_1.txt, Date, 4
112311786_1.txt, Date, 2
73315299_2.txt, Date, 1
73315299_1.txt, Date, 1
94171992_1.txt, Date, 1
12440188_1.txt, PackagePartName, 3
68613461_1.txt, PackagePartName, 1
15642598_1.txt, PackagePartName, 4
12440192_1.txt, PackagePartName, 2
92669291_1.txt, PackagePartName, 1
12440044_1.txt, PackagePartName, 2
12440188_1.txt, ObjectProtectRecord, 2
68613461_1.txt, ObjectProtectRecord, 1
15642598_1.txt, ObjectProtectRecord, 1
12440192_1.txt, ObjectProtectRecord, 1
12440188_1.txt, IntList, 2
68613461_1.txt, IntList, 2
15642598_1.txt, IntList, 3
12440192_1.txt, IntList, 1
92669291_1.txt, IntList, 1
12440044_1.txt, IntList, 2
111785559_1.txt, IntList, 2
112311786_1.txt, IntList, 2
73315299_2.txt, IntList, 2
73315299_1.txt, IntList, 2
94171992_1.txt, IntList, 2
61719045_1.txt, IntList, 2
15642330_1.txt, IntList, 2
558689_1.txt, IntList, 2
133035254_1.txt, IntList, 2
12440188_1.txt, PaneRecord, 1
68613461_1.txt, PaneRecord, 2
15642598_1.txt, PaneRecord, 1
12440192_1.txt, PaneRecord, 1
12440188_1.txt, EscherRecord, 11
68613461_1.txt, EscherRecord, 7
15642598_1.txt, EscherRecord, 9
12440192_1.txt, EscherRecord, 1
92669291_1.txt, EscherRecord, 14
12440044_1.txt, EscherRecord, 11
111785559_1.txt, EscherRecord, 10
112311786_1.txt, EscherRecord, 4
73315299_2.txt, EscherRecord, 15
73315299_1.txt, EscherRecord, 18
94171992_1.txt, EscherRecord, 5
61719045_1.txt, EscherRecord, 6
15642330_1.txt, EscherRecord, 2
558689_1.txt, EscherRecord, 3
133035254_1.txt, EscherRecord, 1
15642409_2.txt, EscherRecord, 8
66638946_1.txt, EscherRecord, 2
15642409_1.txt, EscherRecord, 12
3760572_1.txt, EscherRecord, 19
15642594_1.txt, EscherRecord, 5
15642593_1.txt, EscherRecord, 13
15642365_1.txt, EscherRecord, 20
15642365_2.txt, EscherRecord, 17
68613461_1.txt, EscherRecord, 16
12440188_1.txt, XWPFDocument, 3
68613461_1.txt, XWPFDocument, 1
15642598_1.txt, XWPFDocument, 3
12440192_1.txt, XWPFDocument, 5
92669291_1.txt, XWPFDocument, 3
12440044_1.txt, XWPFDocument, 3
111785559_1.txt, XWPFDocument, 2
112311786_1.txt, XWPFDocument, 4
73315299_2.txt, XWPFDocument, 3
73315299_1.txt, XWPFDocument, 3
94171992_1.txt, XWPFDocument, 3
61719045_1.txt, XWPFDocument, 3
15642330_1.txt, XWPFDocument, 3
558689_1.txt, XWPFDocument, 3
12440188_1.txt, Picture, 2
68613461_1.txt, Picture, 1
15642598_1.txt, Picture, 1
12440192_1.txt, Picture, 1
92669291_1.txt, Picture, 3
12440188_1.txt, ContinueRecord, 1
68613461_1.txt, ContinueRecord, 2
15642598_1.txt, ContinueRecord, 1
12440192_1.txt, ContinueRecord, 1
12440188_1.txt, CellRangeAddressList, 1
68613461_1.txt, CellRangeAddressList, 1
15642598_1.txt, CellRangeAddressList, 1
12440192_1.txt, CellRangeAddressList, 1
92669291_1.txt, CellRangeAddressList, 1
12440044_1.txt, CellRangeAddressList, 1
111785559_1.txt, CellRangeAddressList, 1
112311786_1.txt, CellRangeAddressList, 1
73315299_2.txt, CellRangeAddressList, 2
73315299_1.txt, CellRangeAddressList, 3
94171992_1.txt, CellRangeAddressList, 1
61719045_1.txt, CellRangeAddressList, 1
12440188_1.txt, GutsRecord, 2
68613461_1.txt, GutsRecord, 1
15642598_1.txt, GutsRecord, 1
12440192_1.txt, GutsRecord, 1
12440188_1.txt, HSSFShapeGroup, 1
68613461_1.txt, HSSFShapeGroup, 2
15642598_1.txt, HSSFShapeGroup, 1
12440192_1.txt, HSSFShapeGroup, 1
12440188_1.txt, XWPFStyle, 1
68613461_1.txt, XWPFStyle, 2
15642598_1.txt, XWPFStyle, 2
12440192_1.txt, XWPFStyle, 2
92669291_1.txt, XWPFStyle, 2
12440044_1.txt, XWPFStyle, 3
111785559_1.txt, XWPFStyle, 2
112311786_1.txt, XWPFStyle, 2
73315299_2.txt, XWPFStyle, 1
73315299_1.txt, XWPFStyle, 2
94171992_1.txt, XWPFStyle, 2
12440188_1.txt, OPCPackage, 7
68613461_1.txt, OPCPackage, 4
15642598_1.txt, OPCPackage, 1
12440192_1.txt, OPCPackage, 2
92669291_1.txt, OPCPackage, 3
12440044_1.txt, OPCPackage, 3
111785559_1.txt, OPCPackage, 5
112311786_1.txt, OPCPackage, 6
73315299_2.txt, OPCPackage, 4
12440188_1.txt, XSSFPrintSetup, 2
68613461_1.txt, XSSFPrintSetup, 3
15642598_1.txt, XSSFPrintSetup, 1
12440192_1.txt, XSSFPrintSetup, 1
92669291_1.txt, XSSFPrintSetup, 3
12440044_1.txt, XSSFPrintSetup, 1
111785559_1.txt, XSSFPrintSetup, 3
112311786_1.txt, XSSFPrintSetup, 2
12440188_1.txt, FooterRecord, 1
68613461_1.txt, FooterRecord, 1
15642598_1.txt, FooterRecord, 2
12440192_1.txt, FooterRecord, 1
12440188_1.txt, IntegerField, 9
68613461_1.txt, IntegerField, 8
15642598_1.txt, IntegerField, 6
12440192_1.txt, IntegerField, 5
92669291_1.txt, IntegerField, 7
12440044_1.txt, IntegerField, 5
111785559_1.txt, IntegerField, 6
112311786_1.txt, IntegerField, 7
73315299_2.txt, IntegerField, 16
73315299_1.txt, IntegerField, 15
94171992_1.txt, IntegerField, 11
61719045_1.txt, IntegerField, 10
15642330_1.txt, IntegerField, 8
558689_1.txt, IntegerField, 3
133035254_1.txt, IntegerField, 4
15642409_2.txt, IntegerField, 1
66638946_1.txt, IntegerField, 2
15642409_1.txt, IntegerField, 12
3760572_1.txt, IntegerField, 14
15642594_1.txt, IntegerField, 13
12440188_1.txt, XSLFSimpleShape, 1
68613461_1.txt, XSLFSimpleShape, 1
15642598_1.txt, XSLFSimpleShape, 2
12440192_1.txt, XSLFSimpleShape, 1
92669291_1.txt, XSLFSimpleShape, 1
12440044_1.txt, XSLFSimpleShape, 1
111785559_1.txt, XSLFSimpleShape, 1
112311786_1.txt, XSLFSimpleShape, 1
73315299_2.txt, XSLFSimpleShape, 1
73315299_1.txt, XSLFSimpleShape, 1
94171992_1.txt, XSLFSimpleShape, 1
12440188_1.txt, HCenterRecord, 1
68613461_1.txt, HCenterRecord, 1
15642598_1.txt, HCenterRecord, 2
12440192_1.txt, HCenterRecord, 1
12440188_1.txt, XWPFHeader, 1
68613461_1.txt, XWPFHeader, 4
15642598_1.txt, XWPFHeader, 2
12440192_1.txt, XWPFHeader, 4
92669291_1.txt, XWPFHeader, 1
12440044_1.txt, XWPFHeader, 3
111785559_1.txt, XWPFHeader, 5
12440188_1.txt, XWPFHeaderFooterPolicy, 1
68613461_1.txt, XWPFHeaderFooterPolicy, 1
15642598_1.txt, XWPFHeaderFooterPolicy, 2
12440192_1.txt, XWPFHeaderFooterPolicy, 2
12440188_1.txt, LabelSSTRecord, 2
68613461_1.txt, LabelSSTRecord, 2
15642598_1.txt, LabelSSTRecord, 2
12440192_1.txt, LabelSSTRecord, 1
92669291_1.txt, LabelSSTRecord, 2
12440044_1.txt, LabelSSTRecord, 2
111785559_1.txt, LabelSSTRecord, 2
112311786_1.txt, LabelSSTRecord, 2
73315299_2.txt, LabelSSTRecord, 1
73315299_1.txt, LabelSSTRecord, 2
94171992_1.txt, LabelSSTRecord, 2
61719045_1.txt, LabelSSTRecord, 2
15642330_1.txt, LabelSSTRecord, 2
12440188_1.txt, XSSFColor, 1
68613461_1.txt, XSSFColor, 4
15642598_1.txt, XSSFColor, 2
12440192_1.txt, XSSFColor, 5
92669291_1.txt, XSSFColor, 3
12440044_1.txt, XSSFColor, 4
111785559_1.txt, XSSFColor, 3
112311786_1.txt, XSSFColor, 1
73315299_2.txt, XSSFColor, 1
73315299_1.txt, XSSFColor, 2
94171992_1.txt, XSSFColor, 5
61719045_1.txt, XSSFColor, 2
15642330_1.txt, XSSFColor, 6
558689_1.txt, XSSFColor, 7
133035254_1.txt, XSSFColor, 5
15642409_2.txt, XSSFColor, 8
12440188_1.txt, GenericPropertyNode, 2
68613461_1.txt, GenericPropertyNode, 1
15642598_1.txt, GenericPropertyNode, 1
12440192_1.txt, GenericPropertyNode, 1
12440188_1.txt, OpenXML4JException, 1
68613461_1.txt, OpenXML4JException, 1
15642598_1.txt, OpenXML4JException, 1
12440192_1.txt, OpenXML4JException, 1
92669291_1.txt, OpenXML4JException, 1
12440188_1.txt, POIFSReaderEvent, 6
68613461_1.txt, POIFSReaderEvent, 2
15642598_1.txt, POIFSReaderEvent, 1
12440192_1.txt, POIFSReaderEvent, 3
92669291_1.txt, POIFSReaderEvent, 1
12440044_1.txt, POIFSReaderEvent, 2
111785559_1.txt, POIFSReaderEvent, 4
112311786_1.txt, POIFSReaderEvent, 5
12440188_1.txt, HSSFCellStyle, 3
68613461_1.txt, HSSFCellStyle, 3
15642598_1.txt, HSSFCellStyle, 3
12440192_1.txt, HSSFCellStyle, 3
92669291_1.txt, HSSFCellStyle, 3
12440044_1.txt, HSSFCellStyle, 3
111785559_1.txt, HSSFCellStyle, 3
112311786_1.txt, HSSFCellStyle, 3
73315299_2.txt, HSSFCellStyle, 3
73315299_1.txt, HSSFCellStyle, 3
94171992_1.txt, HSSFCellStyle, 6
61719045_1.txt, HSSFCellStyle, 3
15642330_1.txt, HSSFCellStyle, 3
558689_1.txt, HSSFCellStyle, 3
133035254_1.txt, HSSFCellStyle, 3
15642409_2.txt, HSSFCellStyle, 3
66638946_1.txt, HSSFCellStyle, 3
15642409_1.txt, HSSFCellStyle, 3
3760572_1.txt, HSSFCellStyle, 3
15642594_1.txt, HSSFCellStyle, 3
15642593_1.txt, HSSFCellStyle, 3
15642365_1.txt, HSSFCellStyle, 3
15642365_2.txt, HSSFCellStyle, 3
68613461_1.txt, HSSFCellStyle, 3
15642481_1.txt, HSSFCellStyle, 3
15642441_1.txt, HSSFCellStyle, 3
15642303_1.txt, HSSFCellStyle, 3
15642365_1.txt, HSSFCellStyle, 3
15642343_1.txt, HSSFCellStyle, 3
12208676_1.txt, HSSFCellStyle, 1
96672931_1.txt, HSSFCellStyle, 3
96672931_2.txt, HSSFCellStyle, 3
96672931_3.txt, HSSFCellStyle, 3
96673744_1.txt, HSSFCellStyle, 3
96672565_1.txt, HSSFCellStyle, 3
76071738_1.txt, HSSFCellStyle, 3
96673303_1.txt, HSSFCellStyle, 1
12208683_1.txt, HSSFCellStyle, 3
12208722_1.txt, HSSFCellStyle, 3
134954814_2.txt, HSSFCellStyle, 3
12208685_1.txt, HSSFCellStyle, 3
12208720_1.txt, HSSFCellStyle, 3
134954814_1.txt, HSSFCellStyle, 3
64530867_1.txt, HSSFCellStyle, 3
72854667_1.txt, HSSFCellStyle, 3
70648747_1.txt, HSSFCellStyle, 3
64530867_2.txt, HSSFCellStyle, 2
72854667_2.txt, HSSFCellStyle, 3
126772704_1.txt, HSSFCellStyle, 3
121321564_1.txt, HSSFCellStyle, 2
126772704_2.txt, HSSFCellStyle, 3
99946830_1.txt, HSSFCellStyle, 3
99946782_1.txt, HSSFCellStyle, 2
103223911_1.txt, HSSFCellStyle, 3
97401500_1.txt, HSSFCellStyle, 3
112283811_1.txt, HSSFCellStyle, 3
122565152_2.txt, HSSFCellStyle, 7
92131933_1.txt, HSSFCellStyle, 3
122565152_1.txt, HSSFCellStyle, 4
64531463_2.txt, HSSFCellStyle, 3
64531463_1.txt, HSSFCellStyle, 3
76100200_1.txt, HSSFCellStyle, 3
110498463_1.txt, HSSFCellStyle, 3
68613461_1.txt, HSSFCellStyle, 3
15642458_1.txt, HSSFCellStyle, 3
15642303_3.txt, HSSFCellStyle, 3
15642303_2.txt, HSSFCellStyle, 3
15642303_1.txt, HSSFCellStyle, 5
97384484_1.txt, HSSFCellStyle, 3
97383976_1.txt, HSSFCellStyle, 3
97383976_3.txt, HSSFCellStyle, 3
97383976_2.txt, HSSFCellStyle, 3
97383976_6.txt, HSSFCellStyle, 3
97383976_7.txt, HSSFCellStyle, 3
97383976_5.txt, HSSFCellStyle, 3
97383976_4.txt, HSSFCellStyle, 3
97383976_9.txt, HSSFCellStyle, 3
97383976_8.txt, HSSFCellStyle, 3
17642935_1.txt, HSSFCellStyle, 3
97383976_10.txt, HSSFCellStyle, 3
111543829_3.txt, HSSFCellStyle, 3
111543829_2.txt, HSSFCellStyle, 3
111543829_1.txt, HSSFCellStyle, 3
12440188_1.txt, SlideAtom, 1
68613461_1.txt, SlideAtom, 1
15642598_1.txt, SlideAtom, 2
12440192_1.txt, SlideAtom, 1
92669291_1.txt, SlideAtom, 1
12440044_1.txt, SlideAtom, 1
111785559_1.txt, SlideAtom, 1
112311786_1.txt, SlideAtom, 1
73315299_2.txt, SlideAtom, 1
12440188_1.txt, RecordContainer, 2
68613461_1.txt, RecordContainer, 1
15642598_1.txt, RecordContainer, 1
12440192_1.txt, RecordContainer, 1
92669291_1.txt, RecordContainer, 1
12440188_1.txt, HSSFColor, 1
68613461_1.txt, HSSFColor, 2
15642598_1.txt, HSSFColor, 5
12440192_1.txt, HSSFColor, 6
92669291_1.txt, HSSFColor, 7
12440044_1.txt, HSSFColor, 6
111785559_1.txt, HSSFColor, 3
112311786_1.txt, HSSFColor, 4
73315299_2.txt, HSSFColor, 8
73315299_1.txt, HSSFColor, 4
94171992_1.txt, HSSFColor, 3
12440188_1.txt, PlexOfCps, 2
68613461_1.txt, PlexOfCps, 3
15642598_1.txt, PlexOfCps, 1
12440192_1.txt, PlexOfCps, 1
92669291_1.txt, PlexOfCps, 1
12440188_1.txt, SlideListWithText, 2
68613461_1.txt, SlideListWithText, 1
15642598_1.txt, SlideListWithText, 3
12440192_1.txt, SlideListWithText, 1
92669291_1.txt, SlideListWithText, 1
12440044_1.txt, SlideListWithText, 1
111785559_1.txt, SlideListWithText, 1
12440188_1.txt, CHPX, 1
68613461_1.txt, CHPX, 3
15642598_1.txt, CHPX, 1
12440192_1.txt, CHPX, 1
92669291_1.txt, CHPX, 2
12440044_1.txt, CHPX, 1
12440188_1.txt, XSSFFont, 1
68613461_1.txt, XSSFFont, 2
15642598_1.txt, XSSFFont, 2
12440192_1.txt, XSSFFont, 2
92669291_1.txt, XSSFFont, 2
12440044_1.txt, XSSFFont, 1
111785559_1.txt, XSSFFont, 2
112311786_1.txt, XSSFFont, 1
73315299_2.txt, XSSFFont, 2
73315299_1.txt, XSSFFont, 2
94171992_1.txt, XSSFFont, 2
61719045_1.txt, XSSFFont, 2
15642330_1.txt, XSSFFont, 2
558689_1.txt, XSSFFont, 2
133035254_1.txt, XSSFFont, 2
15642409_2.txt, XSSFFont, 2
66638946_1.txt, XSSFFont, 2
15642409_1.txt, XSSFFont, 2
3760572_1.txt, XSSFFont, 2
15642594_1.txt, XSSFFont, 2
15642593_1.txt, XSSFFont, 2
15642365_1.txt, XSSFFont, 2
15642365_2.txt, XSSFFont, 2
68613461_1.txt, XSSFFont, 2
15642481_1.txt, XSSFFont, 2
15642441_1.txt, XSSFFont, 2
12440188_1.txt, POILogger, 1
68613461_1.txt, POILogger, 1
15642598_1.txt, POILogger, 1
12440192_1.txt, POILogger, 1
92669291_1.txt, POILogger, 1
12440044_1.txt, POILogger, 1
111785559_1.txt, POILogger, 1
112311786_1.txt, POILogger, 1
73315299_2.txt, POILogger, 1
73315299_1.txt, POILogger, 1
94171992_1.txt, POILogger, 1
61719045_1.txt, POILogger, 1
15642330_1.txt, POILogger, 1
558689_1.txt, POILogger, 1
133035254_1.txt, POILogger, 2
15642409_2.txt, POILogger, 1
66638946_1.txt, POILogger, 1
15642409_1.txt, POILogger, 1
3760572_1.txt, POILogger, 1
15642594_1.txt, POILogger, 1
15642593_1.txt, POILogger, 1
12440188_1.txt, PropertySet, 1
68613461_1.txt, PropertySet, 1
15642598_1.txt, PropertySet, 2
12440192_1.txt, PropertySet, 5
92669291_1.txt, PropertySet, 3
12440044_1.txt, PropertySet, 4
111785559_1.txt, PropertySet, 1
12440188_1.txt, BoundSheetRecord, 1
68613461_1.txt, BoundSheetRecord, 2
15642598_1.txt, BoundSheetRecord, 1
12440192_1.txt, BoundSheetRecord, 1
92669291_1.txt, BoundSheetRecord, 1
12440044_1.txt, BoundSheetRecord, 1
111785559_1.txt, BoundSheetRecord, 1
12440188_1.txt, XSLFTheme, 2
68613461_1.txt, XSLFTheme, 1
15642598_1.txt, XSLFTheme, 1
12440192_1.txt, XSLFTheme, 1
12440188_1.txt, XWPFFooter, 1
68613461_1.txt, XWPFFooter, 2
15642598_1.txt, XWPFFooter, 2
12440192_1.txt, XWPFFooter, 1
92669291_1.txt, XWPFFooter, 4
12440044_1.txt, XWPFFooter, 3
12440188_1.txt, PowerPointExtractor, 1
68613461_1.txt, PowerPointExtractor, 3
15642598_1.txt, PowerPointExtractor, 1
12440192_1.txt, PowerPointExtractor, 2
92669291_1.txt, PowerPointExtractor, 4
12440044_1.txt, PowerPointExtractor, 1
12440188_1.txt, ListLevel, 3
68613461_1.txt, ListLevel, 1
15642598_1.txt, ListLevel, 1
12440192_1.txt, ListLevel, 2
92669291_1.txt, ListLevel, 4
12440044_1.txt, ListLevel, 2
12440188_1.txt, RowRecord, 3
68613461_1.txt, RowRecord, 1
15642598_1.txt, RowRecord, 1
12440192_1.txt, RowRecord, 1
92669291_1.txt, RowRecord, 1
12440044_1.txt, RowRecord, 1
111785559_1.txt, RowRecord, 1
112311786_1.txt, RowRecord, 1
73315299_2.txt, RowRecord, 1
73315299_1.txt, RowRecord, 1
94171992_1.txt, RowRecord, 1
61719045_1.txt, RowRecord, 1
15642330_1.txt, RowRecord, 1
558689_1.txt, RowRecord, 1
133035254_1.txt, RowRecord, 1
15642409_2.txt, RowRecord, 1
66638946_1.txt, RowRecord, 1
15642409_1.txt, RowRecord, 1
3760572_1.txt, RowRecord, 1
15642594_1.txt, RowRecord, 1
15642593_1.txt, RowRecord, 1
15642365_1.txt, RowRecord, 2
12440188_1.txt, EscherBSERecord, 2
68613461_1.txt, EscherBSERecord, 1
15642598_1.txt, EscherBSERecord, 1
12440192_1.txt, EscherBSERecord, 1
92669291_1.txt, EscherBSERecord, 1
12440044_1.txt, EscherBSERecord, 1
111785559_1.txt, EscherBSERecord, 3
12440188_1.txt, HWPFDocumentCore, 1
68613461_1.txt, HWPFDocumentCore, 1
15642598_1.txt, HWPFDocumentCore, 1
12440192_1.txt, HWPFDocumentCore, 2
12440188_1.txt, DocumentInputStream, 2
68613461_1.txt, DocumentInputStream, 1
15642598_1.txt, DocumentInputStream, 1
12440192_1.txt, DocumentInputStream, 1
92669291_1.txt, DocumentInputStream, 1
12440044_1.txt, DocumentInputStream, 1
111785559_1.txt, DocumentInputStream, 1
112311786_1.txt, DocumentInputStream, 1
73315299_2.txt, DocumentInputStream, 1
73315299_1.txt, DocumentInputStream, 1
94171992_1.txt, DocumentInputStream, 1
61719045_1.txt, DocumentInputStream, 1
15642330_1.txt, DocumentInputStream, 1
12440188_1.txt, UnicodeString, 2
68613461_1.txt, UnicodeString, 1
15642598_1.txt, UnicodeString, 2
12440192_1.txt, UnicodeString, 1
12440188_1.txt, HSSFRichTextString, 6
68613461_1.txt, HSSFRichTextString, 3
15642598_1.txt, HSSFRichTextString, 1
12440192_1.txt, HSSFRichTextString, 4
92669291_1.txt, HSSFRichTextString, 2
12440044_1.txt, HSSFRichTextString, 4
111785559_1.txt, HSSFRichTextString, 5
112311786_1.txt, HSSFRichTextString, 4
73315299_2.txt, HSSFRichTextString, 4
73315299_1.txt, HSSFRichTextString, 4
94171992_1.txt, HSSFRichTextString, 4
61719045_1.txt, HSSFRichTextString, 4
12440188_1.txt, FormulaRecordAggregate, 3
68613461_1.txt, FormulaRecordAggregate, 2
15642598_1.txt, FormulaRecordAggregate, 1
12440192_1.txt, FormulaRecordAggregate, 1
92669291_1.txt, FormulaRecordAggregate, 1
12440188_1.txt, BitField, 3
68613461_1.txt, BitField, 3
15642598_1.txt, BitField, 3
12440192_1.txt, BitField, 3
92669291_1.txt, BitField, 3
12440044_1.txt, BitField, 3
111785559_1.txt, BitField, 3
112311786_1.txt, BitField, 3
73315299_2.txt, BitField, 3
73315299_1.txt, BitField, 3
94171992_1.txt, BitField, 3
61719045_1.txt, BitField, 3
15642330_1.txt, BitField, 3
558689_1.txt, BitField, 3
133035254_1.txt, BitField, 3
15642409_2.txt, BitField, 3
66638946_1.txt, BitField, 3
15642409_1.txt, BitField, 3
3760572_1.txt, BitField, 3
15642594_1.txt, BitField, 3
15642593_1.txt, BitField, 3
15642365_1.txt, BitField, 3
15642365_2.txt, BitField, 3
68613461_1.txt, BitField, 3
15642481_1.txt, BitField, 3
15642441_1.txt, BitField, 3
15642303_1.txt, BitField, 3
15642365_1.txt, BitField, 3
15642343_1.txt, BitField, 3
12208676_1.txt, BitField, 3
96672931_1.txt, BitField, 3
96672931_2.txt, BitField, 3
96672931_3.txt, BitField, 3
96673744_1.txt, BitField, 3
96672565_1.txt, BitField, 3
76071738_1.txt, BitField, 2
96673303_1.txt, BitField, 3
12208683_1.txt, BitField, 3
12208722_1.txt, BitField, 3
134954814_2.txt, BitField, 3
12208685_1.txt, BitField, 3
12208720_1.txt, BitField, 3
134954814_1.txt, BitField, 3
64530867_1.txt, BitField, 3
72854667_1.txt, BitField, 3
70648747_1.txt, BitField, 3
64530867_2.txt, BitField, 3
72854667_2.txt, BitField, 3
126772704_1.txt, BitField, 3
121321564_1.txt, BitField, 2
126772704_2.txt, BitField, 3
99946830_1.txt, BitField, 3
99946782_1.txt, BitField, 3
103223911_1.txt, BitField, 3
97401500_1.txt, BitField, 3
112283811_1.txt, BitField, 3
122565152_2.txt, BitField, 3
92131933_1.txt, BitField, 3
122565152_1.txt, BitField, 3
64531463_2.txt, BitField, 3
64531463_1.txt, BitField, 3
76100200_1.txt, BitField, 3
110498463_1.txt, BitField, 3
68613461_1.txt, BitField, 3
15642458_1.txt, BitField, 3
15642303_3.txt, BitField, 3
15642303_2.txt, BitField, 3
15642303_1.txt, BitField, 3
97384484_1.txt, BitField, 3
97383976_1.txt, BitField, 3
97383976_3.txt, BitField, 3
97383976_2.txt, BitField, 3
97383976_6.txt, BitField, 1
97383976_7.txt, BitField, 3
97383976_5.txt, BitField, 3
97383976_4.txt, BitField, 3
97383976_9.txt, BitField, 3
97383976_8.txt, BitField, 3
17642935_1.txt, BitField, 3
97383976_10.txt, BitField, 1
111543829_3.txt, BitField, 3
111543829_2.txt, BitField, 3
111543829_1.txt, BitField, 3
97383966_2.txt, BitField, 3
97383966_1.txt, BitField, 3
69098620_1.txt, BitField, 3
97406645_1.txt, BitField, 3
97406700_3.txt, BitField, 3
97406700_2.txt, BitField, 3
97406700_1.txt, BitField, 3
97406768_4.txt, BitField, 3
97406768_1.txt, BitField, 3
97406768_2.txt, BitField, 3
97406768_3.txt, BitField, 3
15642564_1.txt, BitField, 3
15642562_1.txt, BitField, 3
88639700_1.txt, BitField, 3
15642563_1.txt, BitField, 3
15642537_1.txt, BitField, 3
15642537_2.txt, BitField, 3
88639900_1.txt, BitField, 3
15642577_1.txt, BitField, 3
97401200_1.txt, BitField, 3
15642343_2.txt, BitField, 3
15642343_1.txt, BitField, 3
42462258_1.txt, BitField, 3
110498474_1.txt, BitField, 3
52992680_1.txt, BitField, 3
72854626_1.txt, BitField, 3
72414056_1.txt, BitField, 3
73315299_2.txt, BitField, 3
72854680_1.txt, BitField, 3
71586384_1.txt, BitField, 3
72414056_2.txt, BitField, 3
71586384_3.txt, BitField, 3
73315299_1.txt, BitField, 3
71586384_2.txt, BitField, 3
72414056_3.txt, BitField, 3
42988393_1.txt, BitField, 3
72414056_4.txt, BitField, 3
39694405_2.txt, BitField, 3
43507489_1.txt, BitField, 3
39694405_1.txt, BitField, 3
48925127_1.txt, BitField, 3
46011490_1.txt, BitField, 3
39694394_1.txt, BitField, 3
39694396_1.txt, BitField, 3
46011490_2.txt, BitField, 3
43507470_1.txt, BitField, 3
72854649_2.txt, BitField, 3
122444114_3.txt, BitField, 3
122444114_2.txt, BitField, 3
72854649_1.txt, BitField, 3
122444114_1.txt, BitField, 3
35739735_1.txt, BitField, 3
71407799_1.txt, BitField, 3
71407799_2.txt, BitField, 3
73315299_1.txt, BitField, 3
94171992_1.txt, BitField, 3
61719045_1.txt, BitField, 3
15642330_3.txt, BitField, 3
15642330_2.txt, BitField, 3
15642330_1.txt, BitField, 3
133035254_1.txt, BitField, 3
15642362_1.txt, BitField, 3
66638946_1.txt, BitField, 3
93182055_1.txt, BitField, 3
15642276_1.txt, BitField, 3
97397929_1.txt, BitField, 3
15642286_1.txt, BitField, 3
15642286_2.txt, BitField, 3
97394395_1.txt, BitField, 3
97394323_4.txt, BitField, 3
97394323_5.txt, BitField, 3
97394323_2.txt, BitField, 3
97394323_3.txt, BitField, 3
97394323_1.txt, BitField, 3
102528302_1.txt, BitField, 3
126228263_1.txt, BitField, 3
8373941_1.txt, BitField, 3
129711141_1.txt, BitField, 3
130483760_1.txt, BitField, 3
127623755_1.txt, BitField, 3
3305415_1.txt, BitField, 3
130576137_1.txt, BitField, 3
127474998_1.txt, BitField, 3
63385794_1.txt, BitField, 3
4293932_1.txt, BitField, 3
63687137_1.txt, BitField, 3
128658872_1.txt, BitField, 3
62628992_1.txt, BitField, 3
63585397_1.txt, BitField, 3
61401276_1.txt, BitField, 3
122444114_1.txt, BitField, 3
59777594_1.txt, BitField, 3
125664761_1.txt, BitField, 3
62551719_1.txt, BitField, 3
60212069_1.txt, BitField, 3
60212069_3.txt, BitField, 3
110498474_1.txt, BitField, 3
60212069_2.txt, BitField, 3
60212069_6.txt, BitField, 3
126772645_1.txt, BitField, 3
60212069_7.txt, BitField, 3
60212069_5.txt, BitField, 3
60212069_4.txt, BitField, 3
60212057_1.txt, BitField, 3
128473368_1.txt, BitField, 3
121321561_1.txt, BitField, 3
60212057_2.txt, BitField, 3
60212057_3.txt, BitField, 3
60212057_7.txt, BitField, 3
64531339_1.txt, BitField, 3
60212057_6.txt, BitField, 3
60212057_4.txt, BitField, 3
60212069_11.txt, BitField, 3
60212069_10.txt, BitField, 3
60212057_5.txt, BitField, 3
60212057_8.txt, BitField, 3
122565050_1.txt, BitField, 3
60212069_9.txt, BitField, 3
60336976_1.txt, BitField, 3
60212069_8.txt, BitField, 3
72854588_1.txt, BitField, 3
60336976_2.txt, BitField, 3
46076963_1.txt, BitField, 3
72854613_1.txt, BitField, 3
97394313_1.txt, BitField, 3
15642353_1.txt, BitField, 3
15642353_3.txt, BitField, 3
15642353_2.txt, BitField, 3
97394323_1.txt, BitField, 3
15642363_1.txt, BitField, 3
15642363_2.txt, BitField, 3
15642409_1.txt, BitField, 3
15642527_1.txt, BitField, 3
15642355_1.txt, BitField, 3
15642357_1.txt, BitField, 3
15642360_1.txt, BitField, 3
15642303_1.txt, BitField, 3
15642364_1.txt, BitField, 3
15642359_1.txt, BitField, 3
15642409_1.txt, BitField, 3
15642361_1.txt, BitField, 3
15642306_1.txt, BitField, 3
96673254_1.txt, BitField, 3
12208676_1.txt, BitField, 3
96672683_1.txt, BitField, 3
12208688_2.txt, BitField, 3
96672915_1.txt, BitField, 3
12208688_1.txt, BitField, 3
96673744_1.txt, BitField, 3
96672565_1.txt, BitField, 3
96673744_2.txt, BitField, 3
96672565_2.txt, BitField, 3
96672565_3.txt, BitField, 3
96672636_1.txt, BitField, 3
96672636_3.txt, BitField, 3
96672636_2.txt, BitField, 3
96673019_1.txt, BitField, 3
96673303_2.txt, BitField, 3
96673299_1.txt, BitField, 3
96673303_1.txt, BitField, 3
96673299_2.txt, BitField, 3
96672903_2.txt, BitField, 3
96672903_1.txt, BitField, 3
12208685_1.txt, BitField, 3
96672468_1.txt, BitField, 3
134954814_1.txt, BitField, 3
15642396_1.txt, BitField, 3
68613461_1.txt, BitField, 3
15642592_1.txt, BitField, 3
15642303_1.txt, BitField, 3
15642473_1.txt, BitField, 3
15642593_1.txt, BitField, 3
15642597_4.txt, BitField, 3
15642473_2.txt, BitField, 3
111785559_1.txt, BitField, 3
12440188_1.txt, SSTRecord, 1
68613461_1.txt, SSTRecord, 2
15642598_1.txt, SSTRecord, 1
12440192_1.txt, SSTRecord, 1
92669291_1.txt, SSTRecord, 1
12440044_1.txt, SSTRecord, 1
111785559_1.txt, SSTRecord, 1
112311786_1.txt, SSTRecord, 1
73315299_2.txt, SSTRecord, 1
12440188_1.txt, PackageRelationshipCollection, 1
68613461_1.txt, PackageRelationshipCollection, 1
15642598_1.txt, PackageRelationshipCollection, 2
12440192_1.txt, PackageRelationshipCollection, 1
92669291_1.txt, PackageRelationshipCollection, 1
12440188_1.txt, XWPFTable, 1
68613461_1.txt, XWPFTable, 1
15642598_1.txt, XWPFTable, 1
12440192_1.txt, XWPFTable, 1
92669291_1.txt, XWPFTable, 1
12440044_1.txt, XWPFTable, 1
111785559_1.txt, XWPFTable, 1
112311786_1.txt, XWPFTable, 1
73315299_2.txt, XWPFTable, 1
73315299_1.txt, XWPFTable, 1
94171992_1.txt, XWPFTable, 1
61719045_1.txt, XWPFTable, 1
15642330_1.txt, XWPFTable, 1
558689_1.txt, XWPFTable, 1
133035254_1.txt, XWPFTable, 1
15642409_2.txt, XWPFTable, 1
66638946_1.txt, XWPFTable, 1
15642409_1.txt, XWPFTable, 1
3760572_1.txt, XWPFTable, 1
15642594_1.txt, XWPFTable, 1
15642593_1.txt, XWPFTable, 1
15642365_1.txt, XWPFTable, 1
15642365_2.txt, XWPFTable, 1
68613461_1.txt, XWPFTable, 2
15642481_1.txt, XWPFTable, 1
12440188_1.txt, CustomProperties, 1
68613461_1.txt, CustomProperties, 1
15642598_1.txt, CustomProperties, 2
12440192_1.txt, CustomProperties, 1
92669291_1.txt, CustomProperties, 1
12440188_1.txt, DrawingGroupRecord, 4
68613461_1.txt, DrawingGroupRecord, 2
15642598_1.txt, DrawingGroupRecord, 3
12440192_1.txt, DrawingGroupRecord, 1
92669291_1.txt, DrawingGroupRecord, 1
12440044_1.txt, DrawingGroupRecord, 1
12440188_1.txt, IntMapper, 1
68613461_1.txt, IntMapper, 1
15642598_1.txt, IntMapper, 1
12440192_1.txt, IntMapper, 1
92669291_1.txt, IntMapper, 1
12440044_1.txt, IntMapper, 1
111785559_1.txt, IntMapper, 2
12440188_1.txt, XSSFName, 1
68613461_1.txt, XSSFName, 1
15642598_1.txt, XSSFName, 1
12440192_1.txt, XSSFName, 2
92669291_1.txt, XSSFName, 1
12440044_1.txt, XSSFName, 1
111785559_1.txt, XSSFName, 1
112311786_1.txt, XSSFName, 3
12440188_1.txt, HSSFPolygon, 1
68613461_1.txt, HSSFPolygon, 2
15642598_1.txt, HSSFPolygon, 1
12440192_1.txt, HSSFPolygon, 1
92669291_1.txt, HSSFPolygon, 1
12440188_1.txt, HSSFSimpleShape, 2
68613461_1.txt, HSSFSimpleShape, 2
15642598_1.txt, HSSFSimpleShape, 2
12440192_1.txt, HSSFSimpleShape, 1
92669291_1.txt, HSSFSimpleShape, 1
12440044_1.txt, HSSFSimpleShape, 1
111785559_1.txt, HSSFSimpleShape, 1
112311786_1.txt, HSSFSimpleShape, 2
12440188_1.txt, SelectionRecord, 2
68613461_1.txt, SelectionRecord, 1
15642598_1.txt, SelectionRecord, 1
12440192_1.txt, SelectionRecord, 1
92669291_1.txt, SelectionRecord, 1
12440188_1.txt, HSSFPicture, 1
68613461_1.txt, HSSFPicture, 2
15642598_1.txt, HSSFPicture, 1
12440192_1.txt, HSSFPicture, 2
12440188_1.txt, CellReference, 1
68613461_1.txt, CellReference, 1
15642598_1.txt, CellReference, 1
12440192_1.txt, CellReference, 2
92669291_1.txt, CellReference, 1
12440044_1.txt, CellReference, 1
111785559_1.txt, CellReference, 1
112311786_1.txt, CellReference, 1
73315299_2.txt, CellReference, 1
73315299_1.txt, CellReference, 1
94171992_1.txt, CellReference, 1
61719045_1.txt, CellReference, 1
15642330_1.txt, CellReference, 1
558689_1.txt, CellReference, 1
133035254_1.txt, CellReference, 1
15642409_2.txt, CellReference, 1
66638946_1.txt, CellReference, 1
15642409_1.txt, CellReference, 1
3760572_1.txt, CellReference, 1
15642594_1.txt, CellReference, 1
15642593_1.txt, CellReference, 1
15642365_1.txt, CellReference, 1
15642365_2.txt, CellReference, 1
68613461_1.txt, CellReference, 1
12440188_1.txt, SummaryInformation, 2
68613461_1.txt, SummaryInformation, 2
15642598_1.txt, SummaryInformation, 1
12440192_1.txt, SummaryInformation, 2
92669291_1.txt, SummaryInformation, 2
12440044_1.txt, SummaryInformation, 2
111785559_1.txt, SummaryInformation, 2
112311786_1.txt, SummaryInformation, 3
73315299_2.txt, SummaryInformation, 2
73315299_1.txt, SummaryInformation, 2
94171992_1.txt, SummaryInformation, 1
61719045_1.txt, SummaryInformation, 2
12440188_1.txt, Table, 2
68613461_1.txt, Table, 2
15642598_1.txt, Table, 2
12440192_1.txt, Table, 1
92669291_1.txt, Table, 1
12440044_1.txt, Table, 2
111785559_1.txt, Table, 3
112311786_1.txt, Table, 2
12440188_1.txt, CustomProperty, 1
68613461_1.txt, CustomProperty, 1
15642598_1.txt, CustomProperty, 1
12440192_1.txt, CustomProperty, 1
92669291_1.txt, CustomProperty, 1
12440044_1.txt, CustomProperty, 2
12440188_1.txt, XSLFPictureShape, 5
68613461_1.txt, XSLFPictureShape, 3
15642598_1.txt, XSLFPictureShape, 4
12440192_1.txt, XSLFPictureShape, 4
92669291_1.txt, XSLFPictureShape, 1
12440044_1.txt, XSLFPictureShape, 2
111785559_1.txt, XSLFPictureShape, 3
12440188_1.txt, PackagePart, 1
68613461_1.txt, PackagePart, 1
15642598_1.txt, PackagePart, 1
12440192_1.txt, PackagePart, 1
92669291_1.txt, PackagePart, 1
12440044_1.txt, PackagePart, 1
111785559_1.txt, PackagePart, 1
112311786_1.txt, PackagePart, 1
73315299_2.txt, PackagePart, 1
73315299_1.txt, PackagePart, 1
94171992_1.txt, PackagePart, 1
61719045_1.txt, PackagePart, 1
15642330_1.txt, PackagePart, 1
558689_1.txt, PackagePart, 1
133035254_1.txt, PackagePart, 1
15642409_2.txt, PackagePart, 1
66638946_1.txt, PackagePart, 1
15642409_1.txt, PackagePart, 1
3760572_1.txt, PackagePart, 1
15642594_1.txt, PackagePart, 2
15642593_1.txt, PackagePart, 1
15642365_1.txt, PackagePart, 1
15642365_2.txt, PackagePart, 1
68613461_1.txt, PackagePart, 1
15642481_1.txt, PackagePart, 1
15642441_1.txt, PackagePart, 1
15642303_1.txt, PackagePart, 1
15642365_1.txt, PackagePart, 1
15642343_1.txt, PackagePart, 1
12208676_1.txt, PackagePart, 1
96672931_1.txt, PackagePart, 1
96672931_2.txt, PackagePart, 1
12440188_1.txt, CellRangeAddress, 2
68613461_1.txt, CellRangeAddress, 1
15642598_1.txt, CellRangeAddress, 1
12440192_1.txt, CellRangeAddress, 2
92669291_1.txt, CellRangeAddress, 2
12440044_1.txt, CellRangeAddress, 1
111785559_1.txt, CellRangeAddress, 1
112311786_1.txt, CellRangeAddress, 2
73315299_2.txt, CellRangeAddress, 2
73315299_1.txt, CellRangeAddress, 2
94171992_1.txt, CellRangeAddress, 2
61719045_1.txt, CellRangeAddress, 2
15642330_1.txt, CellRangeAddress, 2
558689_1.txt, CellRangeAddress, 2
133035254_1.txt, CellRangeAddress, 2
15642409_2.txt, CellRangeAddress, 2
66638946_1.txt, CellRangeAddress, 2
15642409_1.txt, CellRangeAddress, 2
3760572_1.txt, CellRangeAddress, 2
15642594_1.txt, CellRangeAddress, 2
15642593_1.txt, CellRangeAddress, 2
15642365_1.txt, CellRangeAddress, 2
15642365_2.txt, CellRangeAddress, 2
68613461_1.txt, CellRangeAddress, 2
15642481_1.txt, CellRangeAddress, 2
15642441_1.txt, CellRangeAddress, 2
15642303_1.txt, CellRangeAddress, 2
15642365_1.txt, CellRangeAddress, 2
15642343_1.txt, CellRangeAddress, 2
12208676_1.txt, CellRangeAddress, 2
96672931_1.txt, CellRangeAddress, 2
96672931_2.txt, CellRangeAddress, 2
96672931_3.txt, CellRangeAddress, 2
96673744_1.txt, CellRangeAddress, 2
96672565_1.txt, CellRangeAddress, 2
76071738_1.txt, CellRangeAddress, 2
96673303_1.txt, CellRangeAddress, 2
12208683_1.txt, CellRangeAddress, 2
12208722_1.txt, CellRangeAddress, 2
134954814_2.txt, CellRangeAddress, 2
12440188_1.txt, HSSFCell, 1
68613461_1.txt, HSSFCell, 2
15642598_1.txt, HSSFCell, 1
12440192_1.txt, HSSFCell, 1
92669291_1.txt, HSSFCell, 1
12440044_1.txt, HSSFCell, 1
111785559_1.txt, HSSFCell, 1
112311786_1.txt, HSSFCell, 1
73315299_2.txt, HSSFCell, 1
73315299_1.txt, HSSFCell, 1
94171992_1.txt, HSSFCell, 1
61719045_1.txt, HSSFCell, 1
15642330_1.txt, HSSFCell, 1
558689_1.txt, HSSFCell, 1
133035254_1.txt, HSSFCell, 1
15642409_2.txt, HSSFCell, 1
66638946_1.txt, HSSFCell, 1
15642409_1.txt, HSSFCell, 1
3760572_1.txt, HSSFCell, 1
15642594_1.txt, HSSFCell, 1
15642593_1.txt, HSSFCell, 1
15642365_1.txt, HSSFCell, 1
15642365_2.txt, HSSFCell, 1
68613461_1.txt, HSSFCell, 1
15642481_1.txt, HSSFCell, 1
15642441_1.txt, HSSFCell, 1
15642303_1.txt, HSSFCell, 1
15642365_1.txt, HSSFCell, 1
15642343_1.txt, HSSFCell, 1
12208676_1.txt, HSSFCell, 1
96672931_1.txt, HSSFCell, 1
96672931_2.txt, HSSFCell, 1
96672931_3.txt, HSSFCell, 1
96673744_1.txt, HSSFCell, 1
96672565_1.txt, HSSFCell, 1
76071738_1.txt, HSSFCell, 1
96673303_1.txt, HSSFCell, 1
12208683_1.txt, HSSFCell, 1
12208722_1.txt, HSSFCell, 1
134954814_2.txt, HSSFCell, 1
12208685_1.txt, HSSFCell, 1
12208720_1.txt, HSSFCell, 1
134954814_1.txt, HSSFCell, 1
64530867_1.txt, HSSFCell, 1
72854667_1.txt, HSSFCell, 1
70648747_1.txt, HSSFCell, 1
64530867_2.txt, HSSFCell, 1
72854667_2.txt, HSSFCell, 1
126772704_1.txt, HSSFCell, 1
121321564_1.txt, HSSFCell, 1
126772704_2.txt, HSSFCell, 1
99946830_1.txt, HSSFCell, 1
99946782_1.txt, HSSFCell, 1
103223911_1.txt, HSSFCell, 1
97401500_1.txt, HSSFCell, 1
12440188_1.txt, FileIdCluster, 1
68613461_1.txt, FileIdCluster, 1
15642598_1.txt, FileIdCluster, 2
12440192_1.txt, FileIdCluster, 1
92669291_1.txt, FileIdCluster, 1
12440044_1.txt, FileIdCluster, 2
111785559_1.txt, FileIdCluster, 2
12440188_1.txt, SlideAtomsSet, 1
68613461_1.txt, SlideAtomsSet, 2
15642598_1.txt, SlideAtomsSet, 1
12440192_1.txt, SlideAtomsSet, 1
92669291_1.txt, SlideAtomsSet, 1
12440188_1.txt, BOFRecord, 2
68613461_1.txt, BOFRecord, 1
15642598_1.txt, BOFRecord, 1
12440192_1.txt, BOFRecord, 1
92669291_1.txt, BOFRecord, 1
12440044_1.txt, BOFRecord, 1
111785559_1.txt, BOFRecord, 1
112311786_1.txt, BOFRecord, 1
73315299_2.txt, BOFRecord, 1
12440188_1.txt, HWPFDocument, 1
68613461_1.txt, HWPFDocument, 1
15642598_1.txt, HWPFDocument, 1
12440192_1.txt, HWPFDocument, 1
92669291_1.txt, HWPFDocument, 1
12440044_1.txt, HWPFDocument, 1
111785559_1.txt, HWPFDocument, 1
112311786_1.txt, HWPFDocument, 2
73315299_2.txt, HWPFDocument, 1
73315299_1.txt, HWPFDocument, 1
94171992_1.txt, HWPFDocument, 1
61719045_1.txt, HWPFDocument, 1
15642330_1.txt, HWPFDocument, 1
558689_1.txt, HWPFDocument, 1
133035254_1.txt, HWPFDocument, 1
15642409_2.txt, HWPFDocument, 1
66638946_1.txt, HWPFDocument, 1
15642409_1.txt, HWPFDocument, 1
12440188_1.txt, XMLSlideShow, 5
68613461_1.txt, XMLSlideShow, 3
15642598_1.txt, XMLSlideShow, 9
12440192_1.txt, XMLSlideShow, 12
92669291_1.txt, XMLSlideShow, 13
12440044_1.txt, XMLSlideShow, 7
111785559_1.txt, XMLSlideShow, 4
112311786_1.txt, XMLSlideShow, 8
73315299_2.txt, XMLSlideShow, 5
73315299_1.txt, XMLSlideShow, 1
94171992_1.txt, XMLSlideShow, 10
61719045_1.txt, XMLSlideShow, 5
15642330_1.txt, XMLSlideShow, 6
558689_1.txt, XMLSlideShow, 11
133035254_1.txt, XMLSlideShow, 2
12440188_1.txt, Formula, 1
68613461_1.txt, Formula, 2
15642598_1.txt, Formula, 1
12440192_1.txt, Formula, 1
12440188_1.txt, EscherClientAnchorRecord, 1
68613461_1.txt, EscherClientAnchorRecord, 1
15642598_1.txt, EscherClientAnchorRecord, 1
12440192_1.txt, EscherClientAnchorRecord, 2
12440188_1.txt, ColumnInfoRecord, 1
68613461_1.txt, ColumnInfoRecord, 1
15642598_1.txt, ColumnInfoRecord, 1
12440192_1.txt, ColumnInfoRecord, 1
92669291_1.txt, ColumnInfoRecord, 1
12440044_1.txt, ColumnInfoRecord, 1
111785559_1.txt, ColumnInfoRecord, 1
112311786_1.txt, ColumnInfoRecord, 1
73315299_2.txt, ColumnInfoRecord, 1
73315299_1.txt, ColumnInfoRecord, 2
94171992_1.txt, ColumnInfoRecord, 3
61719045_1.txt, ColumnInfoRecord, 1
15642330_1.txt, ColumnInfoRecord, 1
558689_1.txt, ColumnInfoRecord, 1
133035254_1.txt, ColumnInfoRecord, 1
15642409_2.txt, ColumnInfoRecord, 1
66638946_1.txt, ColumnInfoRecord, 1
15642409_1.txt, ColumnInfoRecord, 1
3760572_1.txt, ColumnInfoRecord, 1
15642594_1.txt, ColumnInfoRecord, 1
15642593_1.txt, ColumnInfoRecord, 1
15642365_1.txt, ColumnInfoRecord, 1
15642365_2.txt, ColumnInfoRecord, 1
12440188_1.txt, XSLFTextBox, 2
68613461_1.txt, XSLFTextBox, 1
15642598_1.txt, XSLFTextBox, 2
12440192_1.txt, XSLFTextBox, 1
92669291_1.txt, XSLFTextBox, 3
12440044_1.txt, XSLFTextBox, 1
111785559_1.txt, XSLFTextBox, 2
112311786_1.txt, XSLFTextBox, 2
73315299_2.txt, XSLFTextBox, 1
73315299_1.txt, XSLFTextBox, 2
12440188_1.txt, LFO, 1
68613461_1.txt, LFO, 1
15642598_1.txt, LFO, 1
12440192_1.txt, LFO, 2
12440188_1.txt, CommonObjectDataSubRecord, 1
68613461_1.txt, CommonObjectDataSubRecord, 1
15642598_1.txt, CommonObjectDataSubRecord, 2
12440192_1.txt, CommonObjectDataSubRecord, 1
92669291_1.txt, CommonObjectDataSubRecord, 1
12440044_1.txt, CommonObjectDataSubRecord, 1
111785559_1.txt, CommonObjectDataSubRecord, 1
112311786_1.txt, CommonObjectDataSubRecord, 1
73315299_2.txt, CommonObjectDataSubRecord, 1
12440188_1.txt, PAPX, 1
68613461_1.txt, PAPX, 1
15642598_1.txt, PAPX, 2
12440192_1.txt, PAPX, 2
92669291_1.txt, PAPX, 2
12440044_1.txt, PAPX, 2
111785559_1.txt, PAPX, 2
112311786_1.txt, PAPX, 2
73315299_2.txt, PAPX, 2
73315299_1.txt, PAPX, 2
94171992_1.txt, PAPX, 2
12440188_1.txt, PropertyTable, 1
68613461_1.txt, PropertyTable, 2
15642598_1.txt, PropertyTable, 2
12440192_1.txt, PropertyTable, 2
92669291_1.txt, PropertyTable, 1
12440188_1.txt, CellValue, 1
68613461_1.txt, CellValue, 1
15642598_1.txt, CellValue, 2
12440192_1.txt, CellValue, 1
92669291_1.txt, CellValue, 1
12440044_1.txt, CellValue, 1
111785559_1.txt, CellValue, 1
112311786_1.txt, CellValue, 1
73315299_2.txt, CellValue, 1
73315299_1.txt, CellValue, 3
94171992_1.txt, CellValue, 1
61719045_1.txt, CellValue, 1
15642330_1.txt, CellValue, 1
558689_1.txt, CellValue, 1
133035254_1.txt, CellValue, 1
12440188_1.txt, HSSFComment, 8
68613461_1.txt, HSSFComment, 5
15642598_1.txt, HSSFComment, 7
12440192_1.txt, HSSFComment, 11
92669291_1.txt, HSSFComment, 4
12440044_1.txt, HSSFComment, 3
111785559_1.txt, HSSFComment, 4
112311786_1.txt, HSSFComment, 3
73315299_2.txt, HSSFComment, 4
73315299_1.txt, HSSFComment, 4
94171992_1.txt, HSSFComment, 4
61719045_1.txt, HSSFComment, 4
15642330_1.txt, HSSFComment, 1
558689_1.txt, HSSFComment, 10
133035254_1.txt, HSSFComment, 2
15642409_2.txt, HSSFComment, 9
66638946_1.txt, HSSFComment, 12
15642409_1.txt, HSSFComment, 6
12440188_1.txt, TextObjectRecord, 1
68613461_1.txt, TextObjectRecord, 2
15642598_1.txt, TextObjectRecord, 1
12440192_1.txt, TextObjectRecord, 1
12440188_1.txt, InvalidFormatException, 4
68613461_1.txt, InvalidFormatException, 1
15642598_1.txt, InvalidFormatException, 2
12440192_1.txt, InvalidFormatException, 1
92669291_1.txt, InvalidFormatException, 1
12440044_1.txt, InvalidFormatException, 2
111785559_1.txt, InvalidFormatException, 1
112311786_1.txt, InvalidFormatException, 3
73315299_2.txt, InvalidFormatException, 6
73315299_1.txt, InvalidFormatException, 1
94171992_1.txt, InvalidFormatException, 2
61719045_1.txt, InvalidFormatException, 1
15642330_1.txt, InvalidFormatException, 5
12440188_1.txt, VCenterRecord, 2
68613461_1.txt, VCenterRecord, 1
15642598_1.txt, VCenterRecord, 1
12440192_1.txt, VCenterRecord, 1
12440188_1.txt, XSSFCell, 1
68613461_1.txt, XSSFCell, 1
15642598_1.txt, XSSFCell, 1
12440192_1.txt, XSSFCell, 1
92669291_1.txt, XSSFCell, 1
12440044_1.txt, XSSFCell, 1
111785559_1.txt, XSSFCell, 1
112311786_1.txt, XSSFCell, 1
73315299_2.txt, XSSFCell, 1
73315299_1.txt, XSSFCell, 1
94171992_1.txt, XSSFCell, 1
61719045_1.txt, XSSFCell, 1
15642330_1.txt, XSSFCell, 1
558689_1.txt, XSSFCell, 1
133035254_1.txt, XSSFCell, 1
15642409_2.txt, XSSFCell, 1
66638946_1.txt, XSSFCell, 1
15642409_1.txt, XSSFCell, 1
3760572_1.txt, XSSFCell, 1
15642594_1.txt, XSSFCell, 1
15642593_1.txt, XSSFCell, 1
15642365_1.txt, XSSFCell, 1
15642365_2.txt, XSSFCell, 1
68613461_1.txt, XSSFCell, 1
15642481_1.txt, XSSFCell, 1
15642441_1.txt, XSSFCell, 1
15642303_1.txt, XSSFCell, 1
15642365_1.txt, XSSFCell, 1
15642343_1.txt, XSSFCell, 1
12208676_1.txt, XSSFCell, 1
96672931_1.txt, XSSFCell, 1
96672931_2.txt, XSSFCell, 1
96672931_3.txt, XSSFCell, 1
96673744_1.txt, XSSFCell, 1
96672565_1.txt, XSSFCell, 1
76071738_1.txt, XSSFCell, 1
96673303_1.txt, XSSFCell, 1
12208683_1.txt, XSSFCell, 1
12208722_1.txt, XSSFCell, 1
134954814_2.txt, XSSFCell, 1
12208685_1.txt, XSSFCell, 1
12208720_1.txt, XSSFCell, 1
134954814_1.txt, XSSFCell, 1
64530867_1.txt, XSSFCell, 1
72854667_1.txt, XSSFCell, 1
70648747_1.txt, XSSFCell, 1
64530867_2.txt, XSSFCell, 1
72854667_2.txt, XSSFCell, 1
126772704_1.txt, XSSFCell, 1
121321564_1.txt, XSSFCell, 1
126772704_2.txt, XSSFCell, 1
99946830_1.txt, XSSFCell, 1
99946782_1.txt, XSSFCell, 1
103223911_1.txt, XSSFCell, 1
97401500_1.txt, XSSFCell, 1
112283811_1.txt, XSSFCell, 1
122565152_2.txt, XSSFCell, 1
92131933_1.txt, XSSFCell, 1
122565152_1.txt, XSSFCell, 1
64531463_2.txt, XSSFCell, 1
64531463_1.txt, XSSFCell, 1
76100200_1.txt, XSSFCell, 1
110498463_1.txt, XSSFCell, 1
68613461_1.txt, XSSFCell, 1
15642458_1.txt, XSSFCell, 1
15642303_3.txt, XSSFCell, 1
15642303_2.txt, XSSFCell, 1
15642303_1.txt, XSSFCell, 1
97384484_1.txt, XSSFCell, 1
97383976_1.txt, XSSFCell, 1
97383976_3.txt, XSSFCell, 1
97383976_2.txt, XSSFCell, 1
97383976_6.txt, XSSFCell, 1
97383976_7.txt, XSSFCell, 1
97383976_5.txt, XSSFCell, 1
97383976_4.txt, XSSFCell, 1
97383976_9.txt, XSSFCell, 1
97383976_8.txt, XSSFCell, 1
17642935_1.txt, XSSFCell, 1
97383976_10.txt, XSSFCell, 1
111543829_3.txt, XSSFCell, 1
111543829_2.txt, XSSFCell, 3
111543829_1.txt, XSSFCell, 1
97383966_2.txt, XSSFCell, 1
97383966_1.txt, XSSFCell, 1
69098620_1.txt, XSSFCell, 1
97406645_1.txt, XSSFCell, 1
97406700_3.txt, XSSFCell, 1
97406700_2.txt, XSSFCell, 1
97406700_1.txt, XSSFCell, 1
97406768_4.txt, XSSFCell, 1
97406768_1.txt, XSSFCell, 1
97406768_2.txt, XSSFCell, 1
97406768_3.txt, XSSFCell, 1
15642564_1.txt, XSSFCell, 1
15642562_1.txt, XSSFCell, 1
88639700_1.txt, XSSFCell, 1
15642563_1.txt, XSSFCell, 1
15642537_1.txt, XSSFCell, 1
15642537_2.txt, XSSFCell, 1
88639900_1.txt, XSSFCell, 1
15642577_1.txt, XSSFCell, 1
97401200_1.txt, XSSFCell, 1
15642343_2.txt, XSSFCell, 1
15642343_1.txt, XSSFCell, 1
42462258_1.txt, XSSFCell, 1
110498474_1.txt, XSSFCell, 1
52992680_1.txt, XSSFCell, 1
72854626_1.txt, XSSFCell, 1
72414056_1.txt, XSSFCell, 1
73315299_2.txt, XSSFCell, 1
72854680_1.txt, XSSFCell, 1
71586384_1.txt, XSSFCell, 1
72414056_2.txt, XSSFCell, 1
71586384_3.txt, XSSFCell, 1
73315299_1.txt, XSSFCell, 2
71586384_2.txt, XSSFCell, 1
72414056_3.txt, XSSFCell, 1
42988393_1.txt, XSSFCell, 1
72414056_4.txt, XSSFCell, 1
39694405_2.txt, XSSFCell, 1
43507489_1.txt, XSSFCell, 1
39694405_1.txt, XSSFCell, 1
48925127_1.txt, XSSFCell, 1
46011490_1.txt, XSSFCell, 1
39694394_1.txt, XSSFCell, 1
39694396_1.txt, XSSFCell, 1
46011490_2.txt, XSSFCell, 1
43507470_1.txt, XSSFCell, 1
72854649_2.txt, XSSFCell, 1
122444114_3.txt, XSSFCell, 1
122444114_2.txt, XSSFCell, 1
72854649_1.txt, XSSFCell, 1
12440188_1.txt, XSSFWorkbook, 1
68613461_1.txt, XSSFWorkbook, 1
15642598_1.txt, XSSFWorkbook, 1
12440192_1.txt, XSSFWorkbook, 1
92669291_1.txt, XSSFWorkbook, 4
12440044_1.txt, XSSFWorkbook, 1
111785559_1.txt, XSSFWorkbook, 1
112311786_1.txt, XSSFWorkbook, 1
73315299_2.txt, XSSFWorkbook, 2
73315299_1.txt, XSSFWorkbook, 1
94171992_1.txt, XSSFWorkbook, 1
61719045_1.txt, XSSFWorkbook, 1
15642330_1.txt, XSSFWorkbook, 1
558689_1.txt, XSSFWorkbook, 1
133035254_1.txt, XSSFWorkbook, 1
15642409_2.txt, XSSFWorkbook, 3
66638946_1.txt, XSSFWorkbook, 1
12440188_1.txt, XSSFRow, 1
68613461_1.txt, XSSFRow, 1
15642598_1.txt, XSSFRow, 1
12440192_1.txt, XSSFRow, 1
92669291_1.txt, XSSFRow, 1
12440044_1.txt, XSSFRow, 1
111785559_1.txt, XSSFRow, 1
112311786_1.txt, XSSFRow, 1
73315299_2.txt, XSSFRow, 1
73315299_1.txt, XSSFRow, 1
94171992_1.txt, XSSFRow, 1
61719045_1.txt, XSSFRow, 1
15642330_1.txt, XSSFRow, 1
558689_1.txt, XSSFRow, 1
133035254_1.txt, XSSFRow, 1
15642409_2.txt, XSSFRow, 1
66638946_1.txt, XSSFRow, 1
15642409_1.txt, XSSFRow, 1
3760572_1.txt, XSSFRow, 1
15642594_1.txt, XSSFRow, 1
15642593_1.txt, XSSFRow, 1
15642365_1.txt, XSSFRow, 1
15642365_2.txt, XSSFRow, 1
68613461_1.txt, XSSFRow, 1
15642481_1.txt, XSSFRow, 1
15642441_1.txt, XSSFRow, 1
15642303_1.txt, XSSFRow, 1
15642365_1.txt, XSSFRow, 1
15642343_1.txt, XSSFRow, 2
12208676_1.txt, XSSFRow, 1
96672931_1.txt, XSSFRow, 1
96672931_2.txt, XSSFRow, 1
96672931_3.txt, XSSFRow, 1
96673744_1.txt, XSSFRow, 1
96672565_1.txt, XSSFRow, 1
76071738_1.txt, XSSFRow, 1
96673303_1.txt, XSSFRow, 1
12208683_1.txt, XSSFRow, 1
12208722_1.txt, XSSFRow, 1
134954814_2.txt, XSSFRow, 1
12208685_1.txt, XSSFRow, 1
12208720_1.txt, XSSFRow, 1
134954814_1.txt, XSSFRow, 1
64530867_1.txt, XSSFRow, 1
72854667_1.txt, XSSFRow, 1
70648747_1.txt, XSSFRow, 1
64530867_2.txt, XSSFRow, 1
72854667_2.txt, XSSFRow, 1
126772704_1.txt, XSSFRow, 1
121321564_1.txt, XSSFRow, 1
126772704_2.txt, XSSFRow, 1
99946830_1.txt, XSSFRow, 1
99946782_1.txt, XSSFRow, 1
103223911_1.txt, XSSFRow, 1
97401500_1.txt, XSSFRow, 1
112283811_1.txt, XSSFRow, 1
122565152_2.txt, XSSFRow, 1
92131933_1.txt, XSSFRow, 1
122565152_1.txt, XSSFRow, 1
64531463_2.txt, XSSFRow, 1
64531463_1.txt, XSSFRow, 1
12440188_1.txt, SprmOperation, 1
68613461_1.txt, SprmOperation, 1
15642598_1.txt, SprmOperation, 2
12440192_1.txt, SprmOperation, 1
92669291_1.txt, SprmOperation, 1
12440044_1.txt, SprmOperation, 1
111785559_1.txt, SprmOperation, 1
12440188_1.txt, XWPFParagraph, 2
68613461_1.txt, XWPFParagraph, 2
15642598_1.txt, XWPFParagraph, 2
12440192_1.txt, XWPFParagraph, 2
92669291_1.txt, XWPFParagraph, 2
12440044_1.txt, XWPFParagraph, 2
111785559_1.txt, XWPFParagraph, 2
112311786_1.txt, XWPFParagraph, 2
73315299_2.txt, XWPFParagraph, 3
73315299_1.txt, XWPFParagraph, 2
94171992_1.txt, XWPFParagraph, 2
61719045_1.txt, XWPFParagraph, 2
15642330_1.txt, XWPFParagraph, 2
558689_1.txt, XWPFParagraph, 2
133035254_1.txt, XWPFParagraph, 2
15642409_2.txt, XWPFParagraph, 2
66638946_1.txt, XWPFParagraph, 2
15642409_1.txt, XWPFParagraph, 2
3760572_1.txt, XWPFParagraph, 2
15642594_1.txt, XWPFParagraph, 2
15642593_1.txt, XWPFParagraph, 2
15642365_1.txt, XWPFParagraph, 2
15642365_2.txt, XWPFParagraph, 2
68613461_1.txt, XWPFParagraph, 2
15642481_1.txt, XWPFParagraph, 2
15642441_1.txt, XWPFParagraph, 2
15642303_1.txt, XWPFParagraph, 2
15642365_1.txt, XWPFParagraph, 1
15642343_1.txt, XWPFParagraph, 2
12208676_1.txt, XWPFParagraph, 2
96672931_1.txt, XWPFParagraph, 2
96672931_2.txt, XWPFParagraph, 2
96672931_3.txt, XWPFParagraph, 2
96673744_1.txt, XWPFParagraph, 2
96672565_1.txt, XWPFParagraph, 1
76071738_1.txt, XWPFParagraph, 4
12440188_1.txt, EscherClientDataRecord, 1
68613461_1.txt, EscherClientDataRecord, 1
15642598_1.txt, EscherClientDataRecord, 1
12440192_1.txt, EscherClientDataRecord, 1
92669291_1.txt, EscherClientDataRecord, 2
12440044_1.txt, EscherClientDataRecord, 3
111785559_1.txt, EscherClientDataRecord, 1
112311786_1.txt, EscherClientDataRecord, 1
12440188_1.txt, HSSFShape, 2
68613461_1.txt, HSSFShape, 1
15642598_1.txt, HSSFShape, 1
12440192_1.txt, HSSFShape, 1
92669291_1.txt, HSSFShape, 1
12440044_1.txt, HSSFShape, 1
111785559_1.txt, HSSFShape, 1
112311786_1.txt, HSSFShape, 1
12440188_1.txt, XWPFTableCell, 8
68613461_1.txt, XWPFTableCell, 8
15642598_1.txt, XWPFTableCell, 16
12440192_1.txt, XWPFTableCell, 13
92669291_1.txt, XWPFTableCell, 14
12440044_1.txt, XWPFTableCell, 10
111785559_1.txt, XWPFTableCell, 15
112311786_1.txt, XWPFTableCell, 1
73315299_2.txt, XWPFTableCell, 18
73315299_1.txt, XWPFTableCell, 9
94171992_1.txt, XWPFTableCell, 19
61719045_1.txt, XWPFTableCell, 5
15642330_1.txt, XWPFTableCell, 11
558689_1.txt, XWPFTableCell, 20
133035254_1.txt, XWPFTableCell, 13
15642409_2.txt, XWPFTableCell, 12
66638946_1.txt, XWPFTableCell, 1
15642409_1.txt, XWPFTableCell, 15
3760572_1.txt, XWPFTableCell, 14
15642594_1.txt, XWPFTableCell, 6
15642593_1.txt, XWPFTableCell, 1
15642365_1.txt, XWPFTableCell, 2
15642365_2.txt, XWPFTableCell, 15
68613461_1.txt, XWPFTableCell, 21
15642481_1.txt, XWPFTableCell, 14
15642441_1.txt, XWPFTableCell, 3
15642303_1.txt, XWPFTableCell, 7
15642365_1.txt, XWPFTableCell, 4
15642343_1.txt, XWPFTableCell, 17
12440188_1.txt, NameRecord, 1
68613461_1.txt, NameRecord, 2
15642598_1.txt, NameRecord, 1
12440192_1.txt, NameRecord, 1
92669291_1.txt, NameRecord, 1
12440044_1.txt, NameRecord, 1
111785559_1.txt, NameRecord, 1
112311786_1.txt, NameRecord, 1
73315299_2.txt, NameRecord, 1
73315299_1.txt, NameRecord, 1
12440188_1.txt, XSLFSheet, 1
68613461_1.txt, XSLFSheet, 6
15642598_1.txt, XSLFSheet, 3
12440192_1.txt, XSLFSheet, 7
92669291_1.txt, XSLFSheet, 7
12440044_1.txt, XSLFSheet, 4
111785559_1.txt, XSLFSheet, 9
112311786_1.txt, XSLFSheet, 2
73315299_2.txt, XSLFSheet, 5
73315299_1.txt, XSLFSheet, 5
94171992_1.txt, XSLFSheet, 8
12440188_1.txt, FormatRun, 2
68613461_1.txt, FormatRun, 1
15642598_1.txt, FormatRun, 1
12440192_1.txt, FormatRun, 1
92669291_1.txt, FormatRun, 1
12440044_1.txt, FormatRun, 1
111785559_1.txt, FormatRun, 1
112311786_1.txt, FormatRun, 1
73315299_2.txt, FormatRun, 1
12440188_1.txt, VisioTextExtractor, 1
68613461_1.txt, VisioTextExtractor, 2
15642598_1.txt, VisioTextExtractor, 1
12440192_1.txt, VisioTextExtractor, 2
12440188_1.txt, NoteRecord, 2
68613461_1.txt, NoteRecord, 1
15642598_1.txt, NoteRecord, 1
12440192_1.txt, NoteRecord, 1
92669291_1.txt, NoteRecord, 3
12440188_1.txt, Break, 1
68613461_1.txt, Break, 2
15642598_1.txt, Break, 1
12440192_1.txt, Break, 1
92669291_1.txt, Break, 1
12440044_1.txt, Break, 1
111785559_1.txt, Break, 1
112311786_1.txt, Break, 1
12440188_1.txt, HeaderRecord, 1
68613461_1.txt, HeaderRecord, 1
15642598_1.txt, HeaderRecord, 2
12440192_1.txt, HeaderRecord, 1
12440188_1.txt, PasswordRecord, 3
68613461_1.txt, PasswordRecord, 2
15642598_1.txt, PasswordRecord, 2
12440192_1.txt, PasswordRecord, 1
92669291_1.txt, PasswordRecord, 1
12440188_1.txt, Range, 1
68613461_1.txt, Range, 2
15642598_1.txt, Range, 1
12440192_1.txt, Range, 1
92669291_1.txt, Range, 1
12440044_1.txt, Range, 1
111785559_1.txt, Range, 1
112311786_1.txt, Range, 1
73315299_2.txt, Range, 1
73315299_1.txt, Range, 1
94171992_1.txt, Range, 1
61719045_1.txt, Range, 1
15642330_1.txt, Range, 1
558689_1.txt, Range, 1
133035254_1.txt, Range, 1
15642409_2.txt, Range, 1
66638946_1.txt, Range, 1
15642409_1.txt, Range, 1
3760572_1.txt, Range, 1
15642594_1.txt, Range, 1
15642593_1.txt, Range, 1
15642365_1.txt, Range, 1
15642365_2.txt, Range, 1
68613461_1.txt, Range, 1
15642481_1.txt, Range, 1
15642441_1.txt, Range, 1
12440188_1.txt, ExcelExtractor, 1
68613461_1.txt, ExcelExtractor, 2
15642598_1.txt, ExcelExtractor, 2
12440192_1.txt, ExcelExtractor, 1
92669291_1.txt, ExcelExtractor, 1
12440188_1.txt, XSLFTextShape, 1
68613461_1.txt, XSLFTextShape, 3
15642598_1.txt, XSLFTextShape, 1
12440192_1.txt, XSLFTextShape, 1
92669291_1.txt, XSLFTextShape, 2
12440044_1.txt, XSLFTextShape, 1
111785559_1.txt, XSLFTextShape, 1
12440188_1.txt, EscherProperty, 5
68613461_1.txt, EscherProperty, 14
15642598_1.txt, EscherProperty, 6
12440192_1.txt, EscherProperty, 5
92669291_1.txt, EscherProperty, 12
12440044_1.txt, EscherProperty, 3
111785559_1.txt, EscherProperty, 4
112311786_1.txt, EscherProperty, 7
73315299_2.txt, EscherProperty, 9
73315299_1.txt, EscherProperty, 13
94171992_1.txt, EscherProperty, 15
61719045_1.txt, EscherProperty, 1
15642330_1.txt, EscherProperty, 8
558689_1.txt, EscherProperty, 2
133035254_1.txt, EscherProperty, 18
15642409_2.txt, EscherProperty, 7
66638946_1.txt, EscherProperty, 8
15642409_1.txt, EscherProperty, 17
3760572_1.txt, EscherProperty, 16
15642594_1.txt, EscherProperty, 10
15642593_1.txt, EscherProperty, 11
12440188_1.txt, SprmIterator, 1
68613461_1.txt, SprmIterator, 2
15642598_1.txt, SprmIterator, 2
12440192_1.txt, SprmIterator, 3
92669291_1.txt, SprmIterator, 4
12440044_1.txt, SprmIterator, 1
12440188_1.txt, SlidePersistAtom, 2
68613461_1.txt, SlidePersistAtom, 1
15642598_1.txt, SlidePersistAtom, 1
12440192_1.txt, SlidePersistAtom, 1
92669291_1.txt, SlidePersistAtom, 1
12440188_1.txt, Xstz, 1
68613461_1.txt, Xstz, 1
15642598_1.txt, Xstz, 1
12440192_1.txt, Xstz, 2
92669291_1.txt, Xstz, 1
12440044_1.txt, Xstz, 1
111785559_1.txt, Xstz, 1
12440188_1.txt, HSSFPrintSetup, 2
68613461_1.txt, HSSFPrintSetup, 1
15642598_1.txt, HSSFPrintSetup, 2
12440192_1.txt, HSSFPrintSetup, 1
92669291_1.txt, HSSFPrintSetup, 1
12440044_1.txt, HSSFPrintSetup, 5
111785559_1.txt, HSSFPrintSetup, 1
112311786_1.txt, HSSFPrintSetup, 4
73315299_2.txt, HSSFPrintSetup, 3
73315299_1.txt, HSSFPrintSetup, 1
94171992_1.txt, HSSFPrintSetup, 4
61719045_1.txt, HSSFPrintSetup, 1
15642330_1.txt, HSSFPrintSetup, 6
558689_1.txt, HSSFPrintSetup, 1
133035254_1.txt, HSSFPrintSetup, 1
15642409_2.txt, HSSFPrintSetup, 7
66638946_1.txt, HSSFPrintSetup, 1
15642409_1.txt, HSSFPrintSetup, 1
12440188_1.txt, XSLFTableCell, 1
68613461_1.txt, XSLFTableCell, 1
15642598_1.txt, XSLFTableCell, 2
12440192_1.txt, XSLFTableCell, 1
92669291_1.txt, XSLFTableCell, 1
12440188_1.txt, HSSFFont, 2
68613461_1.txt, HSSFFont, 2
15642598_1.txt, HSSFFont, 2
12440192_1.txt, HSSFFont, 2
92669291_1.txt, HSSFFont, 2
12440044_1.txt, HSSFFont, 2
111785559_1.txt, HSSFFont, 2
112311786_1.txt, HSSFFont, 2
73315299_2.txt, HSSFFont, 2
73315299_1.txt, HSSFFont, 2
94171992_1.txt, HSSFFont, 2
61719045_1.txt, HSSFFont, 2
15642330_1.txt, HSSFFont, 2
558689_1.txt, HSSFFont, 2
133035254_1.txt, HSSFFont, 2
15642409_2.txt, HSSFFont, 2
66638946_1.txt, HSSFFont, 2
15642409_1.txt, HSSFFont, 2
3760572_1.txt, HSSFFont, 2
15642594_1.txt, HSSFFont, 2
15642593_1.txt, HSSFFont, 2
15642365_1.txt, HSSFFont, 2
15642365_2.txt, HSSFFont, 2
68613461_1.txt, HSSFFont, 2
15642481_1.txt, HSSFFont, 1
15642441_1.txt, HSSFFont, 2
15642303_1.txt, HSSFFont, 2
15642365_1.txt, HSSFFont, 2
15642343_1.txt, HSSFFont, 2
12208676_1.txt, HSSFFont, 2
96672931_1.txt, HSSFFont, 2
96672931_2.txt, HSSFFont, 2
96672931_3.txt, HSSFFont, 2
96673744_1.txt, HSSFFont, 1
96672565_1.txt, HSSFFont, 2
76071738_1.txt, HSSFFont, 2
96673303_1.txt, HSSFFont, 1
12440188_1.txt, CharacterProperties, 1
68613461_1.txt, CharacterProperties, 2
15642598_1.txt, CharacterProperties, 1
12440192_1.txt, CharacterProperties, 1
92669291_1.txt, CharacterProperties, 1
12440044_1.txt, CharacterProperties, 3
111785559_1.txt, CharacterProperties, 1
12440188_1.txt, XSLFPictureData, 1
68613461_1.txt, XSLFPictureData, 1
15642598_1.txt, XSLFPictureData, 1
12440192_1.txt, XSLFPictureData, 2
92669291_1.txt, XSLFPictureData, 1
12440188_1.txt, HSSFHyperlink, 1
68613461_1.txt, HSSFHyperlink, 1
15642598_1.txt, HSSFHyperlink, 2
12440192_1.txt, HSSFHyperlink, 2
12440188_1.txt, Header, 2
68613461_1.txt, Header, 1
15642598_1.txt, Header, 1
12440192_1.txt, Header, 1
12440188_1.txt, HSSFHeader, 2
68613461_1.txt, HSSFHeader, 2
15642598_1.txt, HSSFHeader, 2
12440192_1.txt, HSSFHeader, 2
92669291_1.txt, HSSFHeader, 2
12440044_1.txt, HSSFHeader, 2
111785559_1.txt, HSSFHeader, 2
112311786_1.txt, HSSFHeader, 1
73315299_2.txt, HSSFHeader, 2
73315299_1.txt, HSSFHeader, 3
94171992_1.txt, HSSFHeader, 2
61719045_1.txt, HSSFHeader, 2
15642330_1.txt, HSSFHeader, 1
558689_1.txt, HSSFHeader, 2
133035254_1.txt, HSSFHeader, 2
15642409_2.txt, HSSFHeader, 2
66638946_1.txt, HSSFHeader, 4
15642409_1.txt, HSSFHeader, 2
3760572_1.txt, HSSFHeader, 2
15642594_1.txt, HSSFHeader, 2
12440188_1.txt, ListTables, 2
68613461_1.txt, ListTables, 1
15642598_1.txt, ListTables, 1
12440192_1.txt, ListTables, 1
12440188_1.txt, DataFormatter, 1
68613461_1.txt, DataFormatter, 2
15642598_1.txt, DataFormatter, 1
12440192_1.txt, DataFormatter, 1
92669291_1.txt, DataFormatter, 1
12440044_1.txt, DataFormatter, 1
111785559_1.txt, DataFormatter, 1
112311786_1.txt, DataFormatter, 1
73315299_2.txt, DataFormatter, 1
73315299_1.txt, DataFormatter, 1
94171992_1.txt, DataFormatter, 1
61719045_1.txt, DataFormatter, 1
15642330_1.txt, DataFormatter, 1
558689_1.txt, DataFormatter, 1
133035254_1.txt, DataFormatter, 1
15642409_2.txt, DataFormatter, 1
66638946_1.txt, DataFormatter, 1
15642409_1.txt, DataFormatter, 1
3760572_1.txt, DataFormatter, 2
15642594_1.txt, DataFormatter, 1
15642593_1.txt, DataFormatter, 1
15642365_1.txt, DataFormatter, 1
15642365_2.txt, DataFormatter, 1
12440188_1.txt, XWPFWordExtractor, 3
68613461_1.txt, XWPFWordExtractor, 4
15642598_1.txt, XWPFWordExtractor, 2
12440192_1.txt, XWPFWordExtractor, 1
92669291_1.txt, XWPFWordExtractor, 5
12440044_1.txt, XWPFWordExtractor, 1
111785559_1.txt, XWPFWordExtractor, 2
12440188_1.txt, XSSFSheet, 1
68613461_1.txt, XSSFSheet, 1
15642598_1.txt, XSSFSheet, 1
12440192_1.txt, XSSFSheet, 1
92669291_1.txt, XSSFSheet, 1
12440044_1.txt, XSSFSheet, 1
111785559_1.txt, XSSFSheet, 1
112311786_1.txt, XSSFSheet, 2
73315299_2.txt, XSSFSheet, 1
73315299_1.txt, XSSFSheet, 1
94171992_1.txt, XSSFSheet, 1
61719045_1.txt, XSSFSheet, 1
15642330_1.txt, XSSFSheet, 1
558689_1.txt, XSSFSheet, 1
133035254_1.txt, XSSFSheet, 1
15642409_2.txt, XSSFSheet, 1
66638946_1.txt, XSSFSheet, 1
15642409_1.txt, XSSFSheet, 1
3760572_1.txt, XSSFSheet, 1
15642594_1.txt, XSSFSheet, 1
15642593_1.txt, XSSFSheet, 1
15642365_1.txt, XSSFSheet, 1
15642365_2.txt, XSSFSheet, 1
68613461_1.txt, XSSFSheet, 1
12440188_1.txt, ScenarioProtectRecord, 2
68613461_1.txt, ScenarioProtectRecord, 1
15642598_1.txt, ScenarioProtectRecord, 1
12440192_1.txt, ScenarioProtectRecord, 1
12440188_1.txt, TextPiece, 1
68613461_1.txt, TextPiece, 2
15642598_1.txt, TextPiece, 2
12440192_1.txt, TextPiece, 1
12440188_1.txt, DrawingRecord, 1
68613461_1.txt, DrawingRecord, 1
15642598_1.txt, DrawingRecord, 1
12440192_1.txt, DrawingRecord, 2
12440188_1.txt, DocumentSummaryInformation, 2
68613461_1.txt, DocumentSummaryInformation, 1
15642598_1.txt, DocumentSummaryInformation, 1
12440192_1.txt, DocumentSummaryInformation, 1
12440188_1.txt, POIFSReader, 1
68613461_1.txt, POIFSReader, 1
15642598_1.txt, POIFSReader, 1
12440192_1.txt, POIFSReader, 1
92669291_1.txt, POIFSReader, 1
12440044_1.txt, POIFSReader, 1
111785559_1.txt, POIFSReader, 1
112311786_1.txt, POIFSReader, 2
12440188_1.txt, EscherBlipRecord, 1
68613461_1.txt, EscherBlipRecord, 1
15642598_1.txt, EscherBlipRecord, 1
12440192_1.txt, EscherBlipRecord, 1
92669291_1.txt, EscherBlipRecord, 2
12440044_1.txt, EscherBlipRecord, 2
12440188_1.txt, ListData, 1
68613461_1.txt, ListData, 1
15642598_1.txt, ListData, 1
12440192_1.txt, ListData, 1
92669291_1.txt, ListData, 2
12440188_1.txt, ProtectRecord, 4
68613461_1.txt, ProtectRecord, 1
15642598_1.txt, ProtectRecord, 2
12440192_1.txt, ProtectRecord, 3
92669291_1.txt, ProtectRecord, 2
12440044_1.txt, ProtectRecord, 1
12440188_1.txt, XSSFReader, 1
68613461_1.txt, XSSFReader, 2
15642598_1.txt, XSSFReader, 2
12440192_1.txt, XSSFReader, 2
92669291_1.txt, XSSFReader, 2
12440044_1.txt, XSSFReader, 1
111785559_1.txt, XSSFReader, 2
12440188_1.txt, PackageRelationship, 2
68613461_1.txt, PackageRelationship, 1
15642598_1.txt, PackageRelationship, 1
12440192_1.txt, PackageRelationship, 1
92669291_1.txt, PackageRelationship, 1
12440044_1.txt, PackageRelationship, 1
111785559_1.txt, PackageRelationship, 1
112311786_1.txt, PackageRelationship, 1
73315299_2.txt, PackageRelationship, 1
73315299_1.txt, PackageRelationship, 1
94171992_1.txt, PackageRelationship, 1
61719045_1.txt, PackageRelationship, 1
15642330_1.txt, PackageRelationship, 1
558689_1.txt, PackageRelationship, 1
12440188_1.txt, HSSFName, 9
68613461_1.txt, HSSFName, 3
15642598_1.txt, HSSFName, 10
12440192_1.txt, HSSFName, 11
92669291_1.txt, HSSFName, 1
12440044_1.txt, HSSFName, 2
111785559_1.txt, HSSFName, 4
112311786_1.txt, HSSFName, 13
73315299_2.txt, HSSFName, 8
73315299_1.txt, HSSFName, 12
94171992_1.txt, HSSFName, 12
61719045_1.txt, HSSFName, 14
15642330_1.txt, HSSFName, 12
558689_1.txt, HSSFName, 6
133035254_1.txt, HSSFName, 7
15642409_2.txt, HSSFName, 5
